date,open,high,close,low,volume,price_change,p_change,ma5,ma10,ma20,v_ma5,v_ma10,v_ma20,turnover
2018-02-26,1.32,1.35,1.35,1.31,287789.0,0.03,2.27,1.324,1.295,1.363,243361.0,431814.23,452930.87,0.5
2018-02-23,1.32,1.32,1.32,1.3,225542.5,0.0,0.0,1.314,1.285,1.373,258889.66,484526.32,451706.38,0.4
2018-02-22,1.33,1.33,1.33,1.31,239768.33,0.02,1.53,1.302,1.286,1.383,317385.96,517363.72,464545.83,0.42
2018-02-14,1.3,1.32,1.32,1.29,172772.27,0.02,1.54,1.298,1.289,1.394,435676.22,562111.15,484075.23,0.3
2018-02-13,1.32,1.33,1.3,1.29,290932.91,-0.01,-0.76,1.286,1.3,1.401,521213.26,587247.8,499087.13,0.51
2018-02-12,1.28,1.32,1.3,1.27,365432.28,0.03,2.36,1.266,1.317,1.41,620267.46,605598.51,503347.81,0.64
2018-02-09,1.28,1.29,1.26,1.25,518024.0,-0.05,-3.82,1.256,1.332,1.419,710162.98,603633.19,520887.05,0.91
2018-02-08,1.27,1.32,1.31,1.25,831219.62,0.05,3.97,1.27,1.353,1.433,717341.48,577649.39,529616.45,1.46
2018-02-07,1.22,1.26,1.26,1.19,600457.5,0.06,5.0,1.28,1.369,1.446,688546.09,566334.85,539913.09,1.05
2018-02-06,1.21,1.25,1.2,1.19,786203.88,-0.05,-4.0,1.314,1.397,1.464,653282.33,527969.4,524330.41,1.38
2018-02-05,1.3,1.3,1.25,1.25,814909.88,-0.07,-5.3,1.368,1.431,1.487,590929.56,474047.51,495316.68,1.43
2018-02-02,1.31,1.33,1.33,1.29,553916.5,-0.03,-2.21,1.408,1.461,1.508,497103.41,418886.45,468163.48,0.97
2018-02-01,1.42,1.43,1.36,1.36,687242.69,-0.07,-4.89,1.436,1.48,1.524,437957.31,411727.95,455818.59,1.2
2018-01-31,1.46,1.46,1.43,1.42,424138.69,-0.04,-2.72,1.458,1.498,1.539,444123.61,406039.31,433241.61,0.74
2018-01-30,1.47,1.5,1.47,1.45,474440.06,0.02,1.38,1.48,1.502,1.55,402656.48,410926.47,424320.85,0.83
2018-01-29,1.46,1.48,1.45,1.43,345779.09,-0.02,-1.36,1.494,1.503,1.558,357165.46,401097.11,409603.42,0.61
2018-01-26,1.47,1.48,1.47,1.46,258186.02,0.0,0.0,1.514,1.505,1.567,340669.5,438140.9,400820.71,0.45
2018-01-25,1.5,1.5,1.47,1.45,718074.19,-0.06,-3.92,1.524,1.513,1.575,385498.59,481583.5,399884.36,1.26
2018-01-24,1.54,1.54,1.54,1.52,216803.02,0.0,0.0,1.538,1.522,1.583,367955.02,513491.33,387034.15,0.38
2018-01-23,1.53,1.55,1.54,1.52,246985.0,0.0,0.0,1.524,1.531,1.591,419196.46,520691.43,385233.0,0.43
2018-01-22,1.52,1.56,1.55,1.52,263299.25,0.03,1.97,1.512,1.543,1.599,445028.76,516585.84,384702.58,0.46
2018-01-19,1.55,1.58,1.52,1.51,482331.5,-0.02,-1.3,1.496,1.554,1.606,535612.31,517440.52,386361.6,0.85
2018-01-18,1.46,1.54,1.54,1.45,630356.31,0.07,4.76,1.502,1.568,1.614,577668.41,499909.23,369538.8,1.1
2018-01-17,1.47,1.48,1.47,1.42,473010.25,-0.01,-0.68,1.506,1.58,1.621,659027.64,460443.9,346837.68,0.83
2018-01-16,1.46,1.49,1.48,1.45,376146.5,0.01,0.68,1.538,1.597,1.633,622186.39,437715.23,336373.12,0.66
2018-01-15,1.54,1.54,1.47,1.47,716217.0,-0.08,-5.16,1.574,1.612,1.645,588142.92,418109.72,341939.71,1.25
2018-01-12,1.51,1.6,1.55,1.51,692612.0,-0.01,-0.64,1.612,1.628,1.656,499268.72,363500.52,319835.71,1.21
2018-01-09,1.61,1.61,1.56,1.56,1037152.44,-0.08,-4.88,1.634,1.637,1.663,422150.05,318185.22,297634.05,1.82
2018-01-08,1.65,1.66,1.63,1.63,288804.0,-0.02,-1.21,1.654,1.644,1.67,261860.16,260576.98,258593.76,0.51
2018-01-05,1.66,1.66,1.66,1.64,205929.17,0.0,0.0,1.656,1.65,1.674,253244.07,249774.58,258783.52,0.36
2018-01-04,1.67,1.67,1.66,1.65,271846.0,-0.01,-0.6,1.65,1.654,1.675,248076.52,252819.31,261933.48,0.48
2018-01-03,1.65,1.68,1.66,1.64,307018.62,0.01,0.61,1.644,1.657,1.676,227732.32,255282.67,262098.29,0.54
2018-01-02,1.64,1.66,1.66,1.63,235703.0,0.02,1.22,1.64,1.66,1.676,214220.39,239168.36,266167.94,0.42
2017-12-29,1.62,1.65,1.64,1.61,245723.56,0.02,1.24,1.634,1.662,1.679,259293.8,233231.46,278084.0,0.43
2017-12-28,1.62,1.64,1.63,1.61,180091.41,0.01,0.62,1.644,1.668,1.681,246305.09,235031.01,274475.12,0.32
2017-12-27,1.63,1.64,1.63,1.62,170125.0,-0.01,-0.61,1.658,1.677,1.683,257562.11,265769.69,278886.2,0.3
2017-12-26,1.61,1.64,1.64,1.6,239459.0,0.02,1.24,1.67,1.684,1.686,282833.03,276170.89,291658.5,0.42
2017-12-25,1.69,1.69,1.63,1.62,461070.03,-0.06,-3.55,1.68,1.688,1.688,264116.33,277082.87,305438.61,0.81
2017-12-22,1.69,1.7,1.69,1.68,180780.0,0.0,0.0,1.69,1.695,1.687,207169.12,256610.54,307975.91,0.32
2017-12-21,1.69,1.7,1.7,1.68,236376.5,0.01,0.59,1.692,1.697,1.682,223756.92,267792.47,312262.71,0.42
2017-12-20,1.68,1.72,1.69,1.67,296479.62,0.01,0.59,1.696,1.696,1.676,273977.27,271047.64,319441.73,0.52
2017-12-19,1.68,1.69,1.69,1.67,145875.5,0.0,0.0,1.698,1.695,1.672,269508.76,268913.91,319846.16,0.26
2017-12-18,1.69,1.7,1.68,1.67,176334.0,-0.01,-0.59,1.696,1.692,1.669,290049.42,293167.53,330988.84,0.31
2017-12-15,1.7,1.71,1.7,1.68,263719.0,-0.01,-0.58,1.7,1.696,1.666,306051.96,322936.54,346769.34,0.47
2017-12-14,1.69,1.74,1.72,1.68,487478.25,0.02,1.18,1.702,1.693,1.663,311828.01,313919.24,369160.46,0.86
2017-12-13,1.68,1.7,1.7,1.67,274137.03,0.02,1.19,1.696,1.688,1.663,268118.01,292002.72,356884.5,0.48
2017-12-12,1.7,1.71,1.68,1.67,248578.8,-0.03,-1.75,1.692,1.687,1.665,268319.06,307146.12,356418.09,0.44
2017-12-11,1.69,1.72,1.7,1.69,256346.73,-0.01,-0.58,1.688,1.687,1.669,296285.64,333794.35,356723.08,0.45
2017-12-08,1.67,1.71,1.71,1.67,292599.25,0.03,1.79,1.692,1.679,1.672,339821.13,359341.28,358118.79,0.52
2017-12-07,1.68,1.71,1.69,1.67,268928.25,0.01,0.59,1.684,1.667,1.675,316010.48,356732.95,358553.38,0.47
2017-12-06,1.65,1.68,1.68,1.63,275142.25,0.03,1.82,1.68,1.655,1.68,315887.43,367835.83,356006.22,0.49
2017-12-05,1.7,1.72,1.66,1.64,388411.72,-0.05,-2.92,1.682,1.648,1.686,345973.18,370778.42,359070.86,0.69
2017-12-04,1.67,1.74,1.72,1.66,474024.16,0.05,2.99,1.686,1.645,1.693,371303.06,368810.15,358048.25,0.84
2017-12-01,1.65,1.68,1.67,1.65,173546.0,0.01,0.6,1.666,1.635,1.695,378861.42,370602.13,345951.29,0.31
2017-11-30,1.68,1.69,1.67,1.65,268313.0,-0.02,-1.18,1.65,1.632,1.7,397455.42,424401.68,351270.04,0.47
2017-11-29,1.69,1.72,1.69,1.66,425571.0,0.0,0.0,1.63,1.637,1.705,419784.22,421766.28,351698.14,0.75
2017-11-28,1.62,1.69,1.68,1.61,515061.12,0.06,3.7,1.614,1.642,1.709,395583.66,405690.07,341860.68,0.91
2017-11-27,1.57,1.65,1.62,1.57,511816.0,0.04,2.53,1.604,1.65,1.715,366317.24,379651.81,329381.26,0.9
2017-11-24,1.55,1.59,1.59,1.54,266516.0,0.03,1.92,1.604,1.664,1.723,362342.84,356896.31,330650.81,0.47
2017-11-23,1.6,1.6,1.57,1.56,379957.0,-0.04,-2.48,1.614,1.683,1.736,451347.94,360373.81,329732.82,0.67
2017-11-22,1.63,1.63,1.61,1.59,304568.19,-0.02,-1.23,1.644,1.705,1.749,423748.34,344176.62,322984.47,0.54
2017-11-21,1.62,1.66,1.63,1.6,368729.0,0.01,0.62,1.67,1.724,1.76,415796.48,347363.3,319751.91,0.65
2017-11-20,1.63,1.63,1.62,1.56,491944.0,-0.02,-1.22,1.696,1.74,1.77,392986.38,347286.34,315773.72,0.87
2017-11-17,1.72,1.74,1.64,1.63,711541.5,-0.08,-4.65,1.724,1.754,1.781,351449.78,321300.45,311208.4,1.26
2017-11-16,1.73,1.74,1.72,1.72,241959.0,-0.02,-1.15,1.752,1.767,1.789,269399.68,278138.4,288479.82,0.43
2017-11-15,1.76,1.76,1.74,1.73,264808.88,-0.02,-1.14,1.766,1.772,1.792,264604.89,281630.0,296906.14,0.47
2017-11-14,1.77,1.78,1.76,1.75,254678.5,0.0,0.0,1.778,1.776,1.795,278930.12,278031.3,297048.15,0.45
2017-11-13,1.77,1.78,1.76,1.76,284261.0,-0.02,-1.12,1.784,1.78,1.798,301586.31,279110.72,296231.13,0.5
2017-11-10,1.78,1.79,1.78,1.77,301291.0,-0.01,-0.56,1.784,1.782,1.801,291151.12,304405.32,300868.35,0.53
2017-11-09,1.79,1.8,1.79,1.78,217985.09,-0.01,-0.56,1.782,1.788,1.805,286877.12,299091.83,300079.35,0.38
2017-11-08,1.79,1.81,1.8,1.78,336435.0,0.01,0.56,1.778,1.793,1.808,298655.1,301792.32,312623.35,0.59
2017-11-07,1.77,1.8,1.79,1.76,367959.47,0.03,1.71,1.774,1.796,1.811,277132.48,292140.52,336211.79,0.65
2017-11-06,1.77,1.77,1.76,1.75,232085.05,-0.01,-0.56,1.776,1.8,1.812,256635.13,284261.1,330794.85,0.41
2017-11-03,1.77,1.78,1.77,1.75,279921.0,0.0,0.0,1.78,1.808,1.814,317659.52,301116.35,338660.28,0.49
2017-11-02,1.78,1.79,1.77,1.76,276875.0,-0.01,-0.56,1.794,1.811,1.814,311306.53,298821.25,334753.18,0.49
2017-11-01,1.79,1.8,1.78,1.78,228821.89,-0.02,-1.11,1.808,1.811,1.813,304929.53,312182.29,334169.78,0.4
2017-10-31,1.77,1.8,1.8,1.76,265472.69,0.02,1.12,1.818,1.813,1.812,307148.56,316065.0,337486.84,0.47
2017-10-30,1.84,1.84,1.78,1.76,537207.0,-0.06,-3.26,1.824,1.816,1.81,311887.08,313351.53,340144.58,0.95
2017-10-27,1.83,1.84,1.84,1.82,248156.09,0.0,0.0,1.836,1.82,1.808,284573.18,297331.38,330810.14,0.44
2017-10-26,1.83,1.84,1.84,1.82,244990.0,0.01,0.55,1.828,1.822,1.804,286335.96,301066.87,342728.8,0.43
2017-10-25,1.83,1.84,1.83,1.82,239917.0,0.0,0.0,1.814,1.823,1.801,319435.04,323454.38,345188.25,0.42
2017-10-24,1.84,1.85,1.83,1.81,289165.31,-0.01,-0.54,1.808,1.826,1.8,324981.44,380283.06,350899.53,0.51
2017-10-23,1.79,1.86,1.84,1.79,400637.5,0.04,2.22,1.808,1.823,1.798,314815.98,377328.61,356504.33,0.71
2017-10-20,1.76,1.8,1.8,1.75,256970.0,0.03,1.7,1.804,1.819,1.796,310089.58,376204.21,355630.76,0.45
2017-10-19,1.8,1.81,1.77,1.76,410485.38,-0.03,-1.67,1.816,1.816,1.798,315797.78,370685.11,363597.66,0.72
2017-10-18,1.82,1.83,1.8,1.8,267649.0,-0.03,-1.64,1.832,1.814,1.802,327473.72,356157.28,362439.02,0.47
2017-10-17,1.83,1.84,1.83,1.8,238338.03,0.01,0.55,1.844,1.811,1.804,435584.68,358908.69,364488.77,0.42
2017-10-16,1.86,1.87,1.82,1.81,377005.5,-0.04,-2.15,1.838,1.804,1.805,439841.23,366937.63,375952.74,0.67
2017-10-13,1.85,1.87,1.86,1.85,285511.0,0.01,0.54,1.834,1.796,1.807,442318.85,364288.89,377476.06,0.5
2017-10-12,1.85,1.88,1.85,1.84,468865.06,-0.01,-0.54,1.816,1.785,1.808,425572.45,384390.73,409491.86,0.83
2017-10-11,1.8,1.88,1.86,1.8,808203.81,0.06,3.33,1.796,1.778,1.806,384840.83,366922.13,410975.44,1.43
2017-10-10,1.8,1.81,1.8,1.78,259620.77,0.0,0.0,1.778,1.773,1.805,282232.69,321516.0,392103.07,0.46
2017-10-09,1.78,1.82,1.8,1.78,389393.59,0.03,1.7,1.77,1.772,1.806,294034.04,335680.06,410919.43,0.69
2017-09-29,1.75,1.77,1.77,1.74,201779.0,0.02,1.14,1.758,1.773,1.806,286258.94,335057.31,434535.39,0.36
2017-09-28,1.77,1.78,1.75,1.74,265207.0,-0.02,-1.13,1.754,1.779,1.811,343209.01,356510.21,446254.45,0.47
2017-09-27,1.76,1.78,1.77,1.75,295163.09,0.01,0.57,1.76,1.789,1.817,349003.43,368720.77,459425.65,0.52
2017-09-26,1.74,1.76,1.76,1.73,318627.5,0.02,1.15,1.768,1.796,1.82,360799.32,370068.85,507762.77,0.56
2017-09-25,1.74,1.77,1.74,1.73,350518.09,-0.01,-0.57,1.774,1.805,1.829,377326.07,384967.85,519021.05,0.62
2017-09-22,1.78,1.78,1.75,1.74,486529.38,-0.03,-1.69,1.788,1.818,1.839,383855.68,390663.24,535209.49,0.86
2017-09-21,1.8,1.81,1.78,1.78,294179.09,-0.03,-1.66,1.804,1.831,1.847,369811.42,434593.0,546719.11,0.52
2017-09-20,1.78,1.81,1.81,1.78,354142.53,0.02,1.12,1.818,1.834,1.854,388438.1,455028.74,591070.28,0.63
2017-09-19,1.81,1.82,1.79,1.78,401261.28,-0.02,-1.1,1.824,1.836,1.861,379338.37,462690.14,626038.69,0.71
2017-09-18,1.82,1.83,1.81,1.8,383166.12,-0.02,-1.09,1.836,1.839,1.865,392609.62,486158.81,647451.03,0.68
2017-09-15,1.85,1.85,1.83,1.81,416308.06,-0.02,-1.08,1.848,1.839,1.869,397470.79,534013.48,679248.01,0.74
2017-09-14,1.84,1.87,1.85,1.83,387312.53,0.01,0.54,1.858,1.843,1.867,499374.58,535998.68,678284.49,0.68
2017-09-13,1.84,1.85,1.84,1.82,308643.88,-0.01,-0.54,1.85,1.844,1.865,521619.38,550130.52,687174.42,0.55
2017-09-12,1.87,1.87,1.85,1.83,467617.5,-0.02,-1.07,1.848,1.844,1.863,546041.9,645456.7,702279.55,0.83
2017-09-11,1.87,1.88,1.87,1.85,407472.0,-0.01,-0.53,1.842,1.852,1.858,579708.0,653074.25,742646.91,0.72
2017-09-08,1.81,1.89,1.88,1.79,925827.0,0.07,3.87,1.83,1.859,1.857,670556.16,679755.75,776583.07,1.64
2017-09-07,1.84,1.84,1.81,1.8,498536.5,-0.02,-1.09,1.828,1.863,1.855,572622.77,658845.21,809980.57,0.88
2017-09-06,1.81,1.85,1.83,1.81,430756.5,0.01,0.55,1.838,1.874,1.855,578641.67,727111.81,848666.87,0.76
2017-09-05,1.8,1.84,1.82,1.77,635948.0,0.01,0.55,1.84,1.885,1.85,744871.5,789387.25,866825.17,1.12
2017-09-04,1.86,1.87,1.81,1.79,861712.81,-0.06,-3.21,1.862,1.89,1.846,726440.5,808743.25,924466.5,1.52
2017-09-01,1.86,1.88,1.87,1.85,436160.06,0.01,0.54,1.888,1.898,1.84,688955.34,824482.54,914311.96,0.77
2017-08-31,1.83,1.87,1.86,1.82,528631.0,0.02,1.09,1.898,1.891,1.826,745067.65,820570.31,923241.71,0.93
2017-08-30,1.94,1.94,1.84,1.83,1261905.62,-0.09,-4.66,1.91,1.885,1.812,875581.95,824218.31,911851.56,2.23
2017-08-29,1.95,1.95,1.93,1.91,543793.0,-0.01,-0.52,1.93,1.881,1.799,833903.0,759102.4,871117.91,0.96
2017-08-28,1.92,1.96,1.94,1.91,674287.0,0.02,1.04,1.918,1.864,1.782,891046.0,832219.56,877149.16,1.19
2017-08-25,1.9,1.94,1.92,1.88,716721.62,0.0,0.0,1.908,1.854,1.763,960009.74,873410.39,873042.38,1.27
2017-08-24,1.94,2.0,1.92,1.9,1181202.5,-0.02,-1.03,1.884,1.847,1.745,896072.98,961115.94,866883.72,2.09
2017-08-23,1.88,1.95,1.94,1.86,1053510.88,0.07,3.74,1.86,1.835,1.729,772854.68,970221.93,872279.97,1.86
2017-08-22,1.9,1.93,1.87,1.87,829508.0,-0.02,-1.06,1.832,1.814,1.711,684301.8,944263.09,933673.29,1.46
2017-08-21,1.8,1.89,1.89,1.79,1019105.69,0.09,5.0,1.81,1.802,1.693,773393.12,1040189.75,903119.31,1.8
2017-08-18,1.79,1.8,1.8,1.78,397037.81,0.0,0.0,1.8,1.781,1.671,786811.04,1004141.39,865090.27,0.7
2017-08-17,1.79,1.82,1.8,1.77,565111.0,0.0,0.0,1.81,1.761,1.653,1026158.9,1025913.1,859218.69,1.0
2017-08-16,1.75,1.81,1.8,1.75,610746.5,0.04,2.27,1.81,1.739,1.635,1167589.17,999484.81,848051.99,1.08
2017-08-15,1.84,1.85,1.76,1.75,1274964.62,-0.08,-4.35,1.796,1.716,1.617,1204224.37,983133.42,838003.61,2.25
2017-08-14,1.87,1.9,1.84,1.83,1086195.25,-0.01,-0.54,1.794,1.699,1.6,1306986.37,922078.75,791317.68,1.92
2017-08-11,1.78,1.88,1.85,1.77,1593777.12,0.05,2.78,1.762,1.671,1.579,1221471.75,872674.37,775002.26,2.81
2017-08-10,1.71,1.81,1.8,1.71,1272262.38,0.07,4.05,1.712,1.643,1.561,1025667.31,772651.51,717697.99,2.25
2017-08-09,1.73,1.76,1.73,1.71,793922.5,-0.02,-1.14,1.668,1.622,1.544,831380.44,774338.02,663680.9,1.4
2017-08-08,1.71,1.76,1.75,1.69,1788774.62,0.07,4.17,1.636,1.608,1.53,762042.46,923083.5,641416.77,3.16
2017-08-07,1.6,1.68,1.68,1.59,658622.12,0.08,5.0,1.604,1.584,1.515,537171.12,766048.87,568108.54,1.16
2017-08-04,1.57,1.62,1.6,1.57,614754.94,0.02,1.27,1.58,1.56,1.505,523877.0,726039.16,563672.06,1.09
2017-08-03,1.57,1.58,1.58,1.56,300828.0,0.01,0.64,1.574,1.544,1.499,519635.71,692524.27,546295.62,0.53
2017-08-02,1.59,1.59,1.57,1.57,447232.62,-0.02,-1.26,1.576,1.531,1.493,717295.61,696619.17,542164.37,0.79
2017-08-01,1.56,1.6,1.59,1.55,664417.94,0.03,1.92,1.58,1.518,1.488,1084124.54,692873.81,531796.64,1.17
2017-07-31,1.57,1.58,1.56,1.54,592151.5,-0.01,-0.64,1.564,1.501,1.481,994926.61,660556.6,511780.39,1.05
2017-07-28,1.59,1.59,1.57,1.56,593548.5,-0.02,-1.26,1.54,1.487,1.477,928201.32,677330.15,494496.79,1.05
2017-07-27,1.58,1.63,1.59,1.57,1289127.5,0.0,0.0,1.514,1.478,1.472,865412.82,662744.47,474711.42,2.28
2017-07-26,1.59,1.59,1.59,1.53,2281377.25,0.08,5.3,1.486,1.465,1.466,675942.72,553023.77,422747.92,4.03
2017-07-25,1.51,1.51,1.51,1.51,218428.31,0.07,4.86,1.456,1.451,1.46,301623.08,359750.05,328793.37,0.39
2017-07-24,1.44,1.44,1.44,1.43,258525.02,0.0,0.0,1.438,1.446,1.459,326186.6,370168.22,360781.68,0.46
2017-07-21,1.44,1.45,1.44,1.43,279606.03,-0.01,-0.69,1.434,1.45,1.459,426458.99,401304.97,361632.95,0.49
2017-07-20,1.44,1.46,1.45,1.44,341777.0,0.01,0.69,1.442,1.453,1.459,460076.12,400066.97,368943.35,0.6
2017-07-19,1.41,1.45,1.44,1.41,409779.06,0.02,1.41,1.444,1.455,1.458,430104.82,387709.57,371229.4,0.72
2017-07-18,1.4,1.42,1.42,1.39,341245.88,0.0,0.0,1.446,1.457,1.46,417877.01,370719.46,363955.18,0.6
2017-07-17,1.47,1.47,1.42,1.41,759887.0,-0.06,-4.05,1.454,1.461,1.462,414149.83,363004.17,365654.6,1.34
2017-07-14,1.46,1.49,1.48,1.45,447691.66,0.02,1.37,1.466,1.467,1.465,376150.94,311663.43,341637.81,0.79
2017-07-13,1.45,1.46,1.46,1.44,191920.5,0.01,0.69,1.464,1.466,1.464,340057.81,286678.37,331792.48,0.34
2017-07-12,1.46,1.47,1.45,1.43,348640.0,-0.01,-0.69,1.466,1.467,1.464,345314.31,292472.07,341958.78,0.62
2017-07-11,1.48,1.48,1.46,1.46,322610.0,-0.02,-1.35,1.468,1.469,1.465,323561.91,297836.69,340586.96,0.57
2017-07-10,1.46,1.5,1.48,1.46,569892.56,0.01,0.68,1.468,1.472,1.465,311858.51,351395.14,339194.38,1.01
2017-07-07,1.46,1.47,1.47,1.45,267226.0,0.0,0.0,1.468,1.468,1.463,247175.92,321960.92,337005.39,0.47
2017-07-06,1.46,1.47,1.47,1.46,218203.0,0.01,0.69,1.468,1.465,1.463,233298.92,337819.73,350207.89,0.39
2017-07-05,1.46,1.47,1.46,1.45,239878.0,0.0,0.0,1.468,1.461,1.462,239629.84,354749.23,364614.95,0.42
2017-07-04,1.48,1.48,1.46,1.46,264093.0,-0.02,-1.35,1.47,1.462,1.462,272111.46,357190.91,373267.89,0.47
2017-07-03,1.47,1.48,1.48,1.46,246479.62,0.01,0.68,1.476,1.463,1.46,390931.76,368305.03,373852.06,0.44
2017-06-30,1.46,1.48,1.47,1.46,197841.0,0.0,0.0,1.468,1.462,1.457,396745.92,371612.18,382866.24,0.35
2017-06-29,1.46,1.48,1.47,1.46,249857.56,0.0,0.0,1.462,1.461,1.454,442340.54,376906.59,407757.89,0.44
2017-06-28,1.48,1.49,1.47,1.45,402286.12,-0.02,-1.34,1.454,1.461,1.451,469868.62,391445.48,431869.27,0.71
2017-06-27,1.44,1.51,1.49,1.44,858194.5,0.05,3.47,1.454,1.46,1.451,442270.35,383337.24,431971.39,1.52
2017-06-26,1.43,1.45,1.44,1.42,275550.41,0.0,0.0,1.45,1.457,1.449,345678.3,326993.63,408605.04,0.49
2017-06-23,1.42,1.44,1.44,1.4,425814.09,0.01,0.7,1.456,1.457,1.451,346478.45,352049.87,427148.82,0.75
2017-06-22,1.46,1.47,1.43,1.43,387498.0,-0.04,-2.72,1.46,1.46,1.452,311472.64,362596.06,435198.27,0.68
2017-06-21,1.46,1.48,1.47,1.46,264294.75,0.0,0.0,1.468,1.463,1.452,313022.34,374480.67,446472.62,0.47
2017-06-20,1.46,1.48,1.47,1.46,375234.25,0.0,0.0,1.466,1.461,1.451,324404.12,389344.88,482162.1,0.66
2017-06-19,1.46,1.47,1.47,1.45,279551.16,0.01,0.69,1.464,1.456,1.455,308308.96,379399.08,487661.93,0.49
2017-06-16,1.47,1.48,1.46,1.46,250785.02,-0.01,-0.68,1.458,1.451,1.457,357621.28,394120.3,510117.94,0.44
2017-06-15,1.45,1.48,1.47,1.45,395246.53,0.01,0.69,1.46,1.446,1.461,413719.48,438609.19,566721.92,0.7
2017-06-14,1.46,1.47,1.46,1.45,321203.66,0.0,0.0,1.458,1.44,1.467,435938.99,472293.05,628241.92,0.57
2017-06-13,1.44,1.46,1.46,1.43,294758.44,0.02,1.39,1.456,1.441,1.469,454285.63,480605.54,679479.66,0.52
2017-06-12,1.48,1.49,1.44,1.44,526112.75,-0.03,-2.04,1.448,1.441,1.468,450489.2,490216.45,715100.2,0.93
2017-06-09,1.47,1.49,1.47,1.46,531276.0,0.01,0.69,1.444,1.444,1.468,430619.32,502247.78,764389.7,0.94
2017-06-08,1.44,1.48,1.46,1.44,506344.12,0.01,0.69,1.432,1.443,1.47,463498.91,507800.48,786549.81,0.89
2017-06-07,1.43,1.45,1.45,1.42,412936.84,0.03,2.11,1.422,1.44,1.474,508647.11,518464.56,848259.38,0.73
2017-06-06,1.41,1.43,1.42,1.4,275776.31,0.0,0.0,1.426,1.441,1.482,506925.44,574979.33,876869.04,0.49
2017-06-05,1.41,1.44,1.42,1.4,426763.34,0.01,0.71,1.434,1.453,1.495,529943.69,595924.77,909506.54,0.75
2017-06-02,1.4,1.41,1.41,1.36,695673.94,0.0,0.0,1.444,1.462,1.511,573876.23,626115.58,918011.21,1.23
2017-06-01,1.46,1.47,1.41,1.4,732085.12,-0.06,-4.08,1.454,1.476,1.528,552102.04,694834.64,924853.57,1.29
2017-05-31,1.47,1.48,1.47,1.46,404328.5,0.01,0.69,1.458,1.493,1.544,528282.02,784190.79,937204.25,0.71
2017-05-26,1.47,1.48,1.46,1.45,390867.53,-0.01,-0.68,1.456,1.497,1.559,643033.22,878353.78,1054025.65,0.69
2017-05-25,1.46,1.48,1.47,1.44,646426.06,0.01,0.69,1.472,1.495,1.577,661905.85,939983.96,1044397.88,1.14
2017-05-24,1.42,1.47,1.46,1.41,586803.0,0.03,2.1,1.48,1.491,1.599,678354.94,1026531.63,1021413.18,1.04
2017-05-23,1.44,1.46,1.43,1.42,612985.0,-0.03,-2.06,1.498,1.496,1.627,837567.24,1065299.15,1087846.16,1.08
2017-05-22,1.53,1.54,1.46,1.46,978084.5,-0.08,-5.2,1.528,1.507,1.663,1040099.56,1178054.2,1100580.73,1.73
2017-05-19,1.51,1.54,1.54,1.5,485230.69,0.03,1.99,1.538,1.523,1.698,1113674.34,1178758.75,1103927.64,0.86
2017-05-18,1.5,1.54,1.51,1.49,728671.5,-0.04,-2.58,1.518,1.536,1.73,1218062.06,1223088.31,1148123.98,1.29
2017-05-17,1.58,1.65,1.55,1.55,1382864.5,-0.03,-1.9,1.502,1.559,1.764,1374708.31,1209906.84,1158747.11,2.44
2017-05-16,1.49,1.59,1.58,1.48,1625646.62,0.07,4.64,1.494,1.58,1.798,1293031.06,1154872.49,1170360.43,2.87
2017-05-15,1.44,1.51,1.51,1.43,1345958.38,0.07,4.86,1.486,1.595,1.833,1316008.84,1090217.72,1209246.6,2.38
2017-05-12,1.42,1.44,1.44,1.39,1007169.31,0.01,0.7,1.508,1.62,1.874,1243843.16,1229697.53,1387727.83,1.78
2017-05-11,1.5,1.51,1.43,1.43,1511902.75,-0.08,-5.3,1.554,1.658,1.913,1228114.55,1148811.8,1383971.29,2.67
2017-05-10,1.54,1.57,1.51,1.51,974478.25,-0.03,-1.95,1.616,1.707,1.953,1045105.38,1016294.73,1362862.06,1.72
2017-05-09,1.62,1.63,1.54,1.54,1740535.5,-0.08,-4.94,1.666,1.758,1.988,1016713.93,1110393.16,1368824.69,3.07
2017-05-08,1.67,1.69,1.62,1.61,985130.0,-0.05,-2.99,1.704,1.819,2.024,864426.6,1023107.26,1372441.09,1.74
2017-05-05,1.73,1.74,1.67,1.66,928526.25,-0.07,-4.02,1.732,1.873,2.054,1215551.9,1029096.52,1386443.48,1.64
2017-05-04,1.75,1.75,1.74,1.73,596856.88,-0.02,-1.14,1.762,1.923,2.083,1069509.05,1073159.66,1419496.03,1.05
2017-05-03,1.73,1.78,1.76,1.72,832521.0,0.03,1.73,1.798,1.969,2.109,987484.08,1107587.37,1539774.21,1.47
2017-05-02,1.73,1.75,1.73,1.71,979098.88,-0.03,-1.71,1.85,2.015,2.131,1204072.4,1185848.37,1585684.54,1.73
2017-04-28,1.73,1.8,1.76,1.73,2740756.5,-0.06,-3.3,1.934,2.07,2.155,1181787.92,1328275.49,1639389.42,4.84
2017-04-27,1.82,1.82,1.82,1.82,198312.0,-0.1,-5.21,2.014,2.127,2.175,842641.15,1545758.14,1522990.05,0.35
2017-04-26,1.92,1.92,1.92,1.92,186732.0,-0.1,-4.95,2.084,2.167,2.192,1076810.27,1619130.78,1539360.77,0.33
2017-04-24,2.13,2.13,2.02,2.01,1915462.62,-0.13,-6.05,2.14,2.198,2.205,1227690.67,1709429.39,1565999.89,3.38
2017-04-21,2.16,2.16,2.15,2.13,867676.5,-0.01,-0.46,2.18,2.218,2.212,1167624.35,1627256.22,1498580.81,1.53
2017-04-20,2.16,2.18,2.16,2.14,1045022.62,-0.01,-0.46,2.206,2.228,2.213,1474763.05,1721774.92,1512265.07,1.85
2017-04-19,2.19,2.19,2.17,2.14,1369157.62,-0.03,-1.36,2.24,2.235,2.214,2248875.12,1743790.43,1490336.46,2.42
2017-04-18,2.22,2.24,2.2,2.19,941134.0,-0.02,-0.9,2.25,2.243,2.215,2161451.29,1765832.39,1465740.61,1.66
2017-04-17,2.26,2.27,2.22,2.21,1615131.0,-0.06,-2.63,2.256,2.248,2.213,2191168.11,1971961.04,1463476.95,2.85
2017-04-14,2.29,2.31,2.28,2.27,2403370.0,-0.05,-2.15,2.256,2.246,2.212,2086888.09,1985520.71,1413260.7,4.24
2017-04-13,2.21,2.44,2.33,2.21,4915583.0,0.11,4.96,2.25,2.239,2.207,1968786.79,1950503.34,1321595.48,8.68
2017-04-12,2.22,2.23,2.22,2.2,932038.44,-0.01,-0.45,2.23,2.222,2.2,1238705.74,1500221.96,1098771.24,1.65
2017-04-11,2.21,2.23,2.23,2.2,1089718.12,0.01,0.45,2.236,2.216,2.198,1370213.5,1459590.76,1084054.14,1.92
2017-04-10,2.23,2.24,2.22,2.22,1093730.88,-0.03,-1.33,2.24,2.211,2.195,1752753.98,1422570.39,1057551.07,1.93
2017-04-07,2.23,2.27,2.25,2.2,1812863.5,0.02,0.9,2.236,2.205,2.194,1884153.32,1369905.41,1048939.0,3.2
2017-04-06,2.25,2.25,2.23,2.22,1265177.75,-0.02,-0.89,2.228,2.198,2.191,1932219.9,1302755.22,993355.66,2.23
2017-04-05,2.23,2.25,2.25,2.22,1589577.25,0.0,0.0,2.214,2.193,2.191,1761738.19,1236882.49,965470.48,2.81
2017-03-31,2.19,2.27,2.25,2.18,3002420.5,0.05,2.27,2.196,2.186,2.189,1548968.03,1165648.82,924718.73,5.3
2017-03-30,2.19,2.21,2.2,2.16,1750727.62,-0.01,-0.45,2.182,2.178,2.187,1092386.81,954992.85,813815.43,3.09
2017-03-29,2.16,2.24,2.21,2.15,2053196.38,0.05,2.31,2.174,2.177,2.187,855657.49,841000.69,767942.95,3.63
2017-03-28,2.16,2.17,2.16,2.16,412769.19,0.0,0.0,2.168,2.174,2.188,673290.54,692687.61,703635.58,0.73
2017-03-27,2.17,2.18,2.16,2.16,525726.44,-0.02,-0.92,2.172,2.177,2.191,712026.8,697320.52,717572.31,0.93
2017-03-24,2.16,2.18,2.18,2.16,719514.44,0.02,0.93,2.176,2.179,2.194,782329.61,708517.52,766707.14,1.27
2017-03-23,2.17,2.18,2.16,2.16,567081.0,-0.02,-0.92,2.174,2.179,2.198,817598.89,692531.75,855172.82,1.0
2017-03-22,2.17,2.18,2.18,2.15,1141361.62,0.0,0.0,2.18,2.182,2.204,826343.9,727972.6,937295.67,2.02
2017-03-21,2.18,2.18,2.18,2.16,606450.5,0.0,0.0,2.18,2.184,2.207,712084.67,683956.1,919265.9,1.07
2017-03-20,2.17,2.18,2.18,2.16,877240.5,0.01,0.46,2.182,2.188,2.211,682614.23,694058.47,930488.36,1.55
2017-03-17,2.18,2.19,2.17,2.16,895860.81,-0.02,-0.91,2.182,2.192,2.215,634705.43,683788.63,930782.53,1.58
2017-03-16,2.18,2.19,2.19,2.17,610806.06,0.01,0.46,2.184,2.195,2.218,567464.61,672638.01,946634.84,1.08
2017-03-15,2.18,2.19,2.18,2.17,570065.5,-0.01,-0.46,2.184,2.197,2.223,629601.29,694885.21,992625.37,1.01
2017-03-14,2.18,2.19,2.19,2.17,459098.28,0.01,0.46,2.188,2.201,2.227,655827.52,714583.55,1056906.55,0.81
2017-03-13,2.18,2.19,2.18,2.16,637696.5,0.0,0.0,2.194,2.205,2.229,705502.7,737824.11,1076192.52,1.13
2017-03-10,2.18,2.19,2.18,2.17,559656.69,-0.01,-0.46,2.202,2.209,2.233,732871.84,824896.76,1104554.39,0.99
2017-03-09,2.2,2.2,2.19,2.17,921489.5,-0.01,-0.46,2.206,2.216,2.236,777811.42,1017813.89,1148857.69,1.63
2017-03-08,2.21,2.22,2.2,2.19,701196.62,-0.02,-0.9,2.21,2.225,2.239,760169.12,1146618.74,1205848.09,1.24
2017-03-07,2.21,2.22,2.22,2.2,707474.19,0.0,0.0,2.214,2.23,2.24,773339.59,1154575.69,1201034.29,1.25
2017-03-06,2.2,2.22,2.22,2.19,774542.19,0.02,0.91,2.216,2.234,2.239,770145.51,1166918.26,1201355.15,1.37
2017-03-03,2.21,2.21,2.2,2.19,784354.62,-0.01,-0.45,2.216,2.237,2.238,916921.67,1177776.42,1197606.58,1.39
2017-03-02,2.22,2.23,2.21,2.2,833278.0,-0.01,-0.45,2.226,2.241,2.238,1257816.35,1220631.66,1196107.82,1.47
2017-03-01,2.22,2.23,2.22,2.21,767048.94,-0.01,-0.45,2.24,2.248,2.237,1533068.35,1290365.53,1184691.44,1.35
2017-02-28,2.22,2.23,2.23,2.21,691503.81,0.01,0.45,2.246,2.252,2.235,1535811.8,1399229.54,1181523.61,1.22
2017-02-27,2.24,2.25,2.22,2.21,1508423.0,-0.03,-1.33,2.252,2.253,2.232,1563691.0,1414560.93,1222153.93,2.66
2017-02-24,2.26,2.27,2.25,2.23,2488828.0,-0.03,-1.32,2.258,2.256,2.232,1438631.16,1384212.03,1189352.78,4.4
2017-02-23,2.25,2.29,2.28,2.24,2209538.0,0.03,1.33,2.256,2.256,2.23,1183446.96,1279901.49,1136960.43,3.9
2017-02-22,2.25,2.26,2.25,2.24,780766.19,-0.01,-0.44,2.256,2.253,2.225,1047662.71,1265077.45,1065062.47,1.38
2017-02-21,2.25,2.26,2.26,2.24,830899.81,0.01,0.44,2.258,2.249,2.221,1262647.27,1247492.88,1066490.21,1.47
2017-02-20,2.24,2.26,2.25,2.24,883123.81,0.01,0.45,2.254,2.243,2.217,1265430.85,1235792.05,1086615.44,1.56
2017-02-17,2.27,2.28,2.24,2.24,1212907.0,-0.04,-1.75,2.254,2.239,2.213,1329792.89,1217436.75,1154887.3,2.14
2017-02-16,2.25,2.28,2.28,2.24,1530616.75,0.02,0.89,2.256,2.235,2.214,1376356.01,1171583.97,1177457.52,2.7
2017-02-15,2.24,2.28,2.26,2.24,1855689.0,0.02,0.89,2.25,2.225,2.211,1482492.19,1079017.34,1216903.14,3.28
2017-02-14,2.25,2.25,2.24,2.23,844817.69,-0.01,-0.44,2.24,2.217,2.21,1232338.49,963817.68,1292645.55,1.49
2017-02-13,2.23,2.26,2.25,2.22,1204934.0,0.0,0.0,2.232,2.21,2.213,1206153.25,1029746.94,1377462.82,2.13
2017-02-10,2.23,2.26,2.25,2.23,1445722.62,0.0,0.0,2.224,2.207,2.214,1105080.61,994493.54,1410689.68,2.55
2017-02-09,2.2,2.27,2.25,2.2,2061297.62,0.04,1.81,2.214,2.204,2.213,966811.94,994019.36,1504969.08,3.64
2017-02-08,2.2,2.21,2.21,2.19,604920.5,0.01,0.46,2.2,2.196,2.216,675542.5,865047.49,1541867.64,1.07
2017-02-07,2.21,2.22,2.2,2.19,713891.5,-0.01,-0.45,2.194,2.193,2.223,695296.88,885487.54,1570026.69,1.26
2017-02-06,2.2,2.22,2.21,2.19,699570.81,0.01,0.46,2.188,2.191,2.229,853340.63,937438.84,1607496.64,1.24
2017-02-03,2.18,2.21,2.2,2.17,754379.25,0.02,0.92,2.19,2.187,2.236,883906.46,1092337.86,1724405.84,1.33
2017-01-26,2.17,2.19,2.18,2.17,604950.44,0.0,0.0,2.194,2.192,2.242,1021226.79,1183331.06,1851819.89,1.07
2017-01-25,2.16,2.18,2.18,2.15,703692.38,0.01,0.46,2.192,2.197,2.255,1054552.48,1354788.94,1952265.76,1.24
2017-01-24,2.2,2.2,2.17,2.16,1504110.25,-0.05,-2.25,2.192,2.202,2.273,1075678.2,1621473.43,2057453.81,2.66
2017-01-23,2.21,2.23,2.22,2.2,852400.0,0.0,0.0,2.194,2.216,2.3,1021537.05,1725178.7,2007223.07,1.51
2017-01-20,2.16,2.23,2.22,2.16,1440980.88,0.05,2.3,2.184,2.22,2.323,1300769.25,1826885.83,1973601.07,2.54
2017-01-19,2.17,2.18,2.17,2.16,771578.88,-0.01,-0.46,2.19,2.222,2.348,1345435.33,2015918.79,1915385.43,1.36
2017-01-18,2.17,2.19,2.18,2.16,809321.0,0.0,0.0,2.202,2.235,2.374,1655025.4,2218687.8,1886844.29,1.43
2017-01-17,2.17,2.19,2.18,2.14,1233404.5,0.01,0.46,2.212,2.252,2.399,2167268.65,2254565.85,1855801.52,2.18
2017-01-16,2.24,2.24,2.17,2.13,2248561.0,-0.08,-3.56,2.238,2.267,2.424,2428820.35,2277554.44,1804557.37,3.97
2017-01-13,2.23,2.25,2.25,2.21,1664311.25,0.02,0.9,2.256,2.284,2.45,2353002.4,2356473.81,1701552.2,2.94
2017-01-12,2.23,2.26,2.23,2.21,2319529.25,0.0,0.0,2.254,2.291,2.472,2686402.25,2520308.71,1629420.04,4.1
2017-01-11,2.28,2.29,2.23,2.23,3370537.25,-0.08,-3.46,2.268,2.312,2.494,2782350.2,2549742.59,1524772.34,5.95
2017-01-10,2.25,2.33,2.31,2.25,2541163.0,0.05,2.21,2.292,2.344,2.517,2341863.05,2493434.19,1369813.46,4.49
2017-01-09,2.23,2.28,2.26,2.21,1869471.25,0.02,0.89,2.296,2.383,2.536,2126288.53,2289267.44,1271855.81,3.3
2017-01-06,2.29,2.29,2.24,2.22,3331310.5,-0.06,-2.61,2.312,2.426,2.562,2359945.23,2120316.32,1193418.44,5.88
2017-01-05,2.3,2.31,2.3,2.27,2799269.0,-0.05,-2.13,2.328,2.473,2.588,2354215.18,1814852.08,1038449.92,4.94
2017-01-04,2.32,2.36,2.35,2.31,1168101.5,0.02,0.86,2.356,2.513,2.611,2317134.98,1555000.79,915129.65,2.06
2017-01-03,2.31,2.34,2.33,2.29,1463290.38,-0.01,-0.43,2.396,2.546,2.631,2645005.33,1457037.19,870511.95,2.58
2016-12-30,2.27,2.34,2.34,2.25,3037754.75,0.02,0.86,2.47,2.581,2.653,2452246.36,1331560.3,826055.05,5.36
2016-12-29,2.37,2.37,2.32,2.29,3302660.25,-0.12,-4.92,2.54,2.616,2.677,1880687.41,1046630.58,717152.15,5.83
2016-12-28,2.49,2.5,2.44,2.42,2613868.0,-0.11,-4.31,2.618,2.652,2.702,1275488.98,738531.36,579725.0,4.62
2016-12-27,2.68,2.68,2.55,2.5,2807453.25,-0.15,-5.56,2.67,2.676,2.719,792866.6,499802.1,471100.46,4.96
2016-12-26,2.69,2.73,2.7,2.68,499495.53,0.01,0.37,2.696,2.69,2.732,269069.05,246192.72,380386.44,0.88
2016-12-23,2.7,2.71,2.69,2.68,179960.0,-0.02,-0.74,2.692,2.688,2.737,210874.25,254444.17,375470.55,0.32
2016-12-22,2.7,2.72,2.71,2.68,276668.12,0.01,0.37,2.692,2.697,2.742,212573.76,266520.57,389372.31,0.49
2016-12-21,2.68,2.7,2.7,2.67,200756.09,0.02,0.75,2.686,2.702,2.745,201573.74,262047.76,395664.25,0.35
2016-12-20,2.67,2.69,2.68,2.67,188465.5,0.0,0.0,2.682,2.709,2.749,206737.6,275258.51,406244.2,0.33
2016-12-19,2.68,2.69,2.68,2.67,208521.52,-0.01,-0.37,2.684,2.716,2.755,223316.4,283986.71,417431.78,0.37
2016-12-16,2.67,2.69,2.69,2.67,188457.59,0.01,0.37,2.684,2.724,2.76,298014.09,320549.79,427943.13,0.33
2016-12-15,2.67,2.69,2.68,2.66,221668.0,0.0,0.0,2.702,2.737,2.764,320467.38,387673.71,448304.77,0.39
2016-12-14,2.68,2.69,2.68,2.67,226575.38,-0.01,-0.37,2.718,2.751,2.771,322521.78,420918.65,475469.42,0.4
2016-12-13,2.67,2.7,2.69,2.66,271359.5,0.01,0.37,2.736,2.762,2.775,343779.42,442398.82,487260.37,0.48
2016-12-12,2.78,2.78,2.68,2.67,582010.0,-0.1,-3.6,2.748,2.774,2.78,344657.03,514580.15,510505.34,1.03
2016-12-09,2.77,2.78,2.78,2.76,300724.0,0.02,0.72,2.764,2.785,2.784,343085.49,496496.94,508432.29,0.53
2016-12-08,2.78,2.79,2.76,2.76,231940.0,-0.01,-0.36,2.772,2.786,2.782,454880.04,512224.04,528149.46,0.41
2016-12-07,2.75,2.78,2.77,2.75,332863.62,0.03,1.09,2.784,2.787,2.779,519315.52,529280.75,533435.01,0.59
2016-12-06,2.76,2.77,2.75,2.74,275747.53,-0.01,-0.36,2.788,2.788,2.775,541018.21,537229.89,535931.7,0.49
2016-12-05,2.78,2.79,2.76,2.75,574152.31,-0.05,-1.78,2.8,2.793,2.773,684503.27,550876.84,536879.77,1.01
2016-12-02,2.81,2.85,2.82,2.8,859696.75,0.01,0.36,2.806,2.795,2.77,649908.38,535336.47,528320.35,1.52
2016-12-01,2.78,2.82,2.82,2.77,554117.38,0.04,1.44,2.8,2.79,2.763,569568.04,508935.82,496140.35,0.98
2016-11-30,2.8,2.81,2.79,2.78,441377.09,-0.02,-0.71,2.79,2.79,2.756,539245.98,530020.2,483721.16,0.78
2016-11-29,2.78,2.84,2.81,2.77,993172.81,0.02,0.72,2.788,2.788,2.75,533441.56,532121.92,474639.28,1.75
2016-11-28,2.79,2.8,2.79,2.78,401177.88,0.0,0.0,2.786,2.785,2.744,417250.42,506430.54,434994.33,0.71
2016-11-25,2.77,2.79,2.79,2.74,457995.03,0.02,0.72,2.784,2.782,2.738,420764.55,520367.64,429919.52,0.81
2016-11-24,2.78,2.8,2.77,2.77,402507.09,-0.01,-0.36,2.78,2.777,2.733,448303.6,544074.88,424253.55,0.71
2016-11-23,2.8,2.81,2.78,2.77,412355.0,-0.02,-0.71,2.79,2.771,2.73,520794.42,537589.27,416055.25,0.73
2016-11-22,2.78,2.8,2.8,2.77,412217.09,0.02,0.72,2.788,2.762,2.727,530802.27,534633.52,412374.6,0.73
2016-11-21,2.76,2.79,2.78,2.75,418748.53,0.02,0.72,2.784,2.753,2.723,595610.66,522882.71,409590.31,0.74
2016-11-18,2.81,2.82,2.77,2.76,595690.31,-0.05,-1.77,2.78,2.745,2.721,619970.74,521304.23,411474.92,1.05
2016-11-17,2.77,2.85,2.82,2.76,764961.19,0.04,1.44,2.774,2.735,2.718,639846.15,483344.88,406038.09,1.35
2016-11-16,2.78,2.81,2.77,2.76,462394.25,-0.02,-0.72,2.752,2.721,2.713,554384.12,437422.12,405797.9,0.82
2016-11-15,2.76,2.81,2.78,2.75,736259.0,0.02,0.72,2.736,2.711,2.709,538464.77,417156.64,413652.37,1.3
2016-11-14,2.73,2.78,2.76,2.72,540548.94,0.02,0.73,2.722,2.702,2.704,450154.76,363558.13,395621.55,0.95
2016-11-11,2.71,2.75,2.74,2.7,695067.38,0.02,0.73,2.71,2.694,2.699,422637.72,339471.4,387745.12,1.23
2016-11-10,2.7,2.72,2.71,2.69,337651.03,0.03,1.12,2.696,2.689,2.695,326843.6,304432.21,391507.39,0.6
2016-11-09,2.7,2.71,2.69,2.67,382797.5,-0.02,-0.74,2.69,2.689,2.695,320460.12,294521.22,399376.68,0.68
2016-11-08,2.7,2.72,2.71,2.69,294708.94,0.01,0.37,2.686,2.691,2.694,295848.52,290115.67,393897.73,0.52
2016-11-07,2.67,2.72,2.7,2.66,402963.75,0.03,1.12,2.682,2.693,2.693,276961.49,296297.92,407633.27,0.71
2016-11-04,2.68,2.69,2.67,2.67,216096.77,-0.02,-0.74,2.678,2.696,2.691,256305.09,301645.62,431062.69,0.38
2016-11-03,2.66,2.69,2.68,2.66,305733.66,0.01,0.38,2.682,2.7,2.69,282020.83,328731.31,443088.45,0.54
2016-11-02,2.67,2.68,2.67,2.66,259739.48,-0.01,-0.37,2.688,2.704,2.689,268582.32,374173.68,450378.28,0.46
2016-11-01,2.68,2.69,2.69,2.67,200273.8,0.01,0.37,2.696,2.707,2.689,284382.82,410148.09,452967.47,0.35
2016-10-31,2.69,2.69,2.68,2.66,299681.72,-0.01,-0.37,2.704,2.706,2.69,315634.34,427684.97,449126.72,0.53
2016-10-28,2.71,2.72,2.69,2.68,344675.5,-0.02,-0.74,2.714,2.703,2.69,346986.15,436018.83,445304.0,0.61
2016-10-27,2.71,2.72,2.71,2.7,238541.12,0.0,0.0,2.718,2.701,2.692,375441.79,478582.56,437623.98,0.42
2016-10-26,2.73,2.73,2.71,2.7,338741.97,-0.02,-0.73,2.72,2.7,2.694,479765.03,504232.13,435071.67,0.6
2016-10-25,2.73,2.74,2.73,2.71,356531.41,0.0,0.0,2.718,2.696,2.695,535913.36,497679.78,424951.35,0.63
2016-10-24,2.71,2.74,2.73,2.7,456440.75,0.03,1.11,2.708,2.692,2.695,539735.6,518968.62,412212.48,0.81
2016-10-21,2.7,2.71,2.71,2.68,486953.72,-0.01,-0.37,2.692,2.686,2.695,525051.52,560479.77,397458.19,0.86
2016-10-20,2.68,2.77,2.72,2.68,760157.31,0.03,1.11,2.684,2.68,2.696,581723.33,557445.6,379323.0,1.34
2016-10-19,2.68,2.72,2.7,2.67,619483.62,0.02,0.75,2.68,2.674,2.697,528699.23,526582.89,347598.14,1.09
2016-10-18,2.65,2.68,2.68,2.64,375642.62,0.03,1.13,2.674,2.671,2.698,459446.2,495786.86,334360.39,0.66
2016-10-17,2.66,2.67,2.65,2.63,383020.31,-0.02,-0.75,2.676,2.673,2.704,498201.63,470568.47,327400.48,0.68
2016-10-14,2.69,2.69,2.67,2.64,770312.81,-0.02,-0.74,2.68,2.677,2.713,595908.02,454589.17,319001.16,1.36
2016-10-13,2.67,2.72,2.7,2.66,495036.78,0.03,1.12,2.676,2.683,2.72,533167.86,396665.39,292087.75,0.87
2016-10-12,2.68,2.69,2.67,2.66,273218.5,-0.02,-0.74,2.668,2.687,2.725,524466.56,365911.21,281776.81,0.48
2016-10-11,2.67,2.7,2.69,2.66,569419.75,0.01,0.37,2.668,2.693,2.733,532127.51,352222.92,298834.68,1.01
2016-10-10,2.65,2.68,2.67,2.63,871552.25,0.02,0.76,2.67,2.697,2.737,442935.32,305456.35,278189.29,1.54
2016-09-30,2.65,2.66,2.65,2.63,456612.0,0.0,0.0,2.674,2.704,2.743,313270.33,234436.61,244581.03,0.81
2016-09-29,2.68,2.69,2.66,2.65,451530.28,-0.02,-0.75,2.69,2.711,2.75,260162.93,201200.41,231089.47,0.8
2016-09-28,2.7,2.71,2.67,2.66,311523.25,-0.03,-1.11,2.706,2.719,2.757,207355.87,168613.39,215806.63,0.55
2016-09-27,2.68,2.7,2.7,2.67,123458.8,0.02,0.75,2.718,2.725,2.764,172318.34,172933.93,210245.89,0.22
2016-09-26,2.73,2.73,2.69,2.68,223227.3,-0.04,-1.47,2.724,2.734,2.769,167977.38,184232.49,214472.28,0.39
2016-09-23,2.74,2.75,2.73,2.72,191075.0,-0.01,-0.36,2.734,2.748,2.772,155602.9,183413.15,213893.46,0.34
2016-09-22,2.74,2.76,2.74,2.73,187494.98,0.01,0.37,2.732,2.756,2.775,142237.9,187510.1,212256.0,0.33
2016-09-21,2.73,2.74,2.73,2.72,136335.62,0.0,0.0,2.732,2.763,2.777,129870.91,197642.41,211250.62,0.57
2016-09-20,2.73,2.74,2.73,2.72,101754.0,-0.01,-0.36,2.732,2.772,2.78,173549.51,245446.43,214235.21,0.43
2016-09-19,2.72,2.75,2.74,2.71,161354.91,0.02,0.73,2.744,2.777,2.785,200487.6,250922.24,224915.11,0.68
2016-09-14,2.72,2.73,2.72,2.71,124250.0,-0.02,-0.73,2.762,2.781,2.789,211223.4,254725.46,241700.45,0.52
2016-09-13,2.74,2.74,2.74,2.72,125660.0,0.01,0.37,2.78,2.789,2.792,232782.3,260978.54,251214.94,0.53
2016-09-12,2.76,2.76,2.73,2.72,354728.66,-0.05,-1.8,2.794,2.795,2.795,265413.91,262999.87,267400.87,1.49
2016-09-09,2.82,2.83,2.79,2.78,236444.44,-0.03,-1.06,2.812,2.803,2.799,317343.35,247557.85,282643.82,1.0
2016-09-08,2.82,2.83,2.83,2.81,215033.92,0.01,0.35,2.81,2.803,2.797,301356.88,244712.07,280428.01,0.91
2016-09-07,2.81,2.83,2.81,2.81,232044.5,-0.01,-0.35,2.8,2.796,2.791,298227.51,244373.76,276705.87,0.98
2016-09-06,2.82,2.82,2.81,2.78,288818.03,0.0,0.0,2.798,2.794,2.788,289174.77,237001.9,275744.08,1.22
2016-09-05,2.78,2.87,2.82,2.77,614375.88,0.04,1.44,2.796,2.791,2.785,260585.83,224858.83,270228.76,2.59
2016-09-02,2.78,2.79,2.78,2.76,156512.06,0.0,0.0,2.794,2.788,2.781,177772.34,183023.98,251349.98,0.66
2016-09-01,2.79,2.82,2.78,2.77,199387.06,-0.02,-0.71,2.796,2.792,2.778,188067.26,198907.98,251057.69,0.84
2016-08-31,2.79,2.8,2.8,2.77,186780.8,0.0,0.0,2.792,2.796,2.775,190520.02,228675.45,248922.71,0.79
2016-08-30,2.8,2.81,2.8,2.79,145873.34,-0.01,-0.36,2.79,2.795,2.771,184829.03,241451.36,249320.11,0.61
2016-08-29,2.78,2.81,2.81,2.78,200308.45,0.02,0.72,2.786,2.795,2.767,189131.83,271801.87,252506.11,0.84
2016-08-26,2.77,2.8,2.79,2.76,207986.66,0.03,1.09,2.782,2.795,2.76,188275.62,317729.78,253188.51,0.88
2016-08-25,2.79,2.79,2.76,2.74,211650.84,-0.03,-1.07,2.788,2.79,2.756,209748.69,316143.96,252018.79,0.89
2016-08-24,2.79,2.8,2.79,2.78,158325.84,0.0,0.0,2.8,2.786,2.755,266830.88,309037.97,254161.27,0.67
2016-08-23,2.78,2.8,2.78,2.77,167387.36,0.0,0.0,2.8,2.782,2.752,298073.68,314486.27,278045.9,0.71
2016-08-22,2.81,2.82,2.79,2.78,196027.38,-0.03,-1.06,2.804,2.779,2.755,354471.9,315598.69,282864.19,0.83
2016-08-19,2.82,2.83,2.82,2.78,315352.03,0.0,0.0,2.808,2.774,2.756,447183.95,319675.99,284519.32,1.33
2016-08-18,2.79,2.85,2.82,2.78,497061.81,0.03,1.07,2.792,2.763,2.755,422539.23,303207.39,282179.12,2.09
2016-08-17,2.8,2.8,2.79,2.77,314539.84,-0.01,-0.36,2.772,2.753,2.756,351245.06,269169.97,271764.19,1.43
2016-08-16,2.81,2.85,2.8,2.8,449378.44,-0.01,-0.36,2.764,2.747,2.758,330898.85,257188.86,265513.8,2.05
2016-08-15,2.73,2.85,2.81,2.73,659587.62,0.07,2.56,2.754,2.739,2.76,276725.47,233210.35,257211.71,3.01
2016-08-12,2.71,2.74,2.74,2.71,192128.42,0.03,1.11,2.74,2.725,2.761,192168.03,188647.23,240274.88,0.88
2016-08-11,2.74,2.75,2.72,2.71,140591.0,-0.02,-0.73,2.734,2.722,2.768,183875.56,187893.62,254913.81,0.64
2016-08-10,2.75,2.77,2.75,2.73,212808.77,0.0,0.0,2.734,2.723,2.775,187094.87,199284.57,271772.68,0.97
2016-08-09,2.73,2.75,2.75,2.72,178511.55,0.01,0.36,2.73,2.721,2.78,183478.86,241605.53,290092.36,0.81
2016-08-08,2.71,2.74,2.74,2.69,236800.41,0.03,1.11,2.724,2.73,2.784,189695.24,250129.7,311839.05,1.08
2016-08-05,2.72,2.73,2.71,2.71,150666.09,-0.01,-0.37,2.71,2.738,2.787,185126.44,249362.66,317392.71,0.69
2016-08-04,2.73,2.74,2.72,2.7,156687.52,-0.01,-0.37,2.71,2.747,2.791,191911.68,261150.84,323181.49,0.71
2016-08-03,2.71,2.74,2.73,2.7,194728.75,0.01,0.37,2.712,2.758,2.795,211474.28,274358.41,335371.08,0.89
2016-08-02,2.68,2.73,2.72,2.67,209593.41,0.04,1.49,2.712,2.768,2.799,299732.2,273838.74,342132.34,0.96
2016-08-01,2.7,2.71,2.67,2.66,213956.41,-0.04,-1.48,2.736,2.781,2.803,310564.15,281213.06,356578.62,0.98
2016-07-29,2.72,2.73,2.71,2.7,184592.3,-0.01,-0.37,2.766,2.797,2.808,313598.88,291902.53,371110.93,0.84
2016-07-28,2.72,2.73,2.73,2.69,254500.52,0.01,0.37,2.784,2.813,2.81,330390.0,321934.0,386914.43,1.16
2016-07-27,2.83,2.84,2.73,2.7,636018.38,-0.11,-3.87,2.804,2.827,2.813,337242.55,344260.78,423307.69,2.9
2016-07-26,2.81,2.84,2.84,2.8,263753.16,0.02,0.71,2.824,2.839,2.813,247945.27,338579.18,411586.92,1.2
2016-07-25,2.8,2.83,2.82,2.79,229130.02,0.01,0.36,2.826,2.838,2.808,251861.96,373548.41,415798.95,1.04
2016-07-22,2.83,2.84,2.8,2.8,268547.91,-0.02,-0.71,2.828,2.835,2.802,270206.19,385422.77,417621.04,1.22
2016-07-21,2.82,2.86,2.83,2.81,288763.28,0.01,0.35,2.842,2.834,2.796,313477.99,385212.14,422104.32,1.32
2016-07-20,2.84,2.85,2.83,2.82,189532.0,-0.01,-0.35,2.85,2.832,2.791,351279.01,396383.74,415719.84,0.86
2016-07-19,2.83,2.86,2.85,2.81,283336.59,0.02,0.71,2.854,2.829,2.785,429213.09,410425.94,415064.18,1.29
2016-07-18,2.85,2.86,2.83,2.82,320851.19,-0.04,-1.39,2.85,2.824,2.778,495234.86,431944.19,413119.69,1.46
2016-07-15,2.86,2.91,2.87,2.84,484906.91,0.01,0.35,2.842,2.819,2.773,500639.34,450319.32,407214.44,2.21
2016-07-14,2.85,2.89,2.87,2.83,477768.34,0.02,0.7,2.826,2.807,2.768,456946.29,451894.87,402368.14,2.18
2016-07-13,2.82,2.87,2.85,2.82,579202.44,0.02,0.71,2.814,2.798,2.762,441488.47,502354.6,406234.79,2.64
2016-07-12,2.78,2.89,2.83,2.78,613445.44,0.05,1.8,2.804,2.787,2.756,391638.79,484594.66,391654.06,2.8
2016-07-11,2.79,2.81,2.79,2.78,347873.56,0.01,0.36,2.798,2.777,2.749,368653.52,458049.48,370602.82,1.59
2016-07-08,2.79,2.8,2.79,2.78,266441.69,0.0,0.0,2.796,2.769,2.744,399999.3,449819.31,367986.11,1.21
2016-07-07,2.79,2.82,2.81,2.78,400479.22,0.02,0.72,2.788,2.758,2.743,446843.44,458996.49,367563.26,1.83
2016-07-06,2.8,2.81,2.8,2.77,329954.03,0.0,0.0,2.782,2.749,2.742,563220.72,435055.95,357241.84,1.5
2016-07-05,2.78,2.82,2.8,2.78,498519.09,0.02,0.72,2.77,2.741,2.743,577550.52,419702.42,356178.63,2.27
2016-07-04,2.73,2.8,2.78,2.72,504602.47,0.03,1.09,2.756,2.732,2.743,547445.44,394295.18,348475.48,2.3
2016-07-01,2.75,2.78,2.75,2.74,500662.41,-0.03,-1.08,2.742,2.727,2.744,499639.33,364109.57,339164.19,2.28
2016-06-30,2.74,2.87,2.78,2.7,982365.62,0.04,1.46,2.728,2.728,2.746,471149.53,352841.42,336892.05,4.48
2016-06-29,2.72,2.76,2.74,2.71,401603.03,0.02,0.73,2.716,2.726,2.747,306891.17,310114.98,314215.25,1.83
2016-06-28,2.7,2.75,2.73,2.68,347993.69,0.03,1.11,2.712,2.725,2.745,261854.32,298713.47,305458.12,1.59
2016-06-27,2.66,2.71,2.71,2.64,265571.88,0.03,1.12,2.708,2.721,2.745,241144.92,283156.15,299321.84,1.21
2016-06-24,2.72,2.73,2.68,2.65,358213.44,-0.04,-1.47,2.712,2.718,2.745,228579.81,286152.92,299250.46,1.63
2016-06-23,2.72,2.73,2.72,2.7,161073.8,-0.01,-0.37,2.728,2.727,2.746,234533.31,276130.02,289738.04,0.73
2016-06-22,2.71,2.73,2.72,2.69,176418.77,0.01,0.37,2.736,2.735,2.746,313338.8,279427.73,291769.72,0.8
2016-06-21,2.74,2.76,2.71,2.7,244446.72,-0.02,-0.73,2.738,2.744,2.748,335572.63,292654.84,297498.98,1.11
2016-06-20,2.75,2.76,2.73,2.71,202746.33,-0.03,-1.09,2.734,2.753,2.75,325167.39,302655.77,299193.67,0.92
2016-06-17,2.74,2.78,2.76,2.73,387980.91,0.01,0.36,2.724,2.76,2.752,343726.02,314218.81,312661.19,1.77
2016-06-16,2.71,2.86,2.76,2.7,555101.25,0.03,1.1,2.726,2.763,2.754,317726.74,320942.68,346426.7,2.53
2016-06-15,2.66,2.74,2.73,2.65,287587.94,0.04,1.49,2.734,2.767,2.752,245516.66,318315.51,329133.69,1.31
2016-06-14,2.67,2.7,2.69,2.66,192420.5,0.01,0.37,2.75,2.765,2.751,249737.06,312202.76,325551.07,0.88
2016-06-13,2.76,2.76,2.68,2.67,295539.5,-0.1,-3.6,2.772,2.768,2.752,280144.15,315487.52,326906.63,1.35
2016-06-08,2.78,2.79,2.77,2.75,257984.52,-0.02,-0.72,2.796,2.771,2.754,284711.6,312348.01,326371.53,1.18
2016-06-07,2.8,2.81,2.8,2.78,194050.86,-0.01,-0.36,2.8,2.765,2.753,324158.62,303346.06,324353.22,0.88
2016-06-06,2.8,2.82,2.81,2.78,308689.91,0.01,0.36,2.8,2.757,2.752,391114.36,304111.7,327706.72,1.41
2016-06-03,2.8,2.82,2.8,2.78,344455.97,-0.01,-0.36,2.78,2.752,2.749,374668.46,302343.12,341843.05,1.57
2016-06-02,2.79,2.81,2.8,2.78,318376.75,0.0,0.0,2.764,2.746,2.753,350830.88,295731.57,350661.61,1.45
2016-06-01,2.79,2.83,2.79,2.78,455219.62,-0.01,-0.36,2.746,2.743,2.762,339984.41,311103.58,347433.82,2.08
2016-05-31,2.71,2.81,2.8,2.7,528829.56,0.09,3.32,2.73,2.745,2.772,282533.49,371910.71,341137.7,2.41
2016-05-30,2.71,2.75,2.71,2.69,226460.39,-0.01,-0.37,2.714,2.737,2.781,217109.05,339951.86,334183.94,1.03
2016-05-27,2.71,2.74,2.72,2.69,225268.09,0.0,0.0,2.724,2.737,2.791,230017.78,338899.39,334593.23,1.03
2016-05-26,2.72,2.72,2.71,2.66,264144.38,0.01,0.37,2.728,2.736,2.801,240632.26,338325.75,346373.27,1.2
2016-05-25,2.73,2.74,2.71,2.7,167965.02,0.0,0.0,2.74,2.737,2.814,282222.74,340395.05,354057.66,0.77
2016-05-24,2.75,2.75,2.72,2.71,201707.36,-0.03,-1.09,2.76,2.741,2.827,461287.94,345360.38,359919.7,0.92
2016-05-23,2.75,2.77,2.76,2.73,291004.06,0.01,0.36,2.76,2.746,2.839,462794.68,351301.74,364528.19,1.33
2016-05-20,2.72,2.75,2.74,2.7,278340.47,-0.02,-0.72,2.75,2.745,2.851,447780.99,381342.97,367602.23,1.27
2016-05-19,2.76,2.81,2.77,2.7,472096.81,-0.04,-1.42,2.744,2.76,2.863,436019.24,405591.64,380735.13,2.15
2016-05-18,2.7,2.92,2.81,2.63,1063291.0,0.1,3.69,2.734,2.781,2.875,398567.35,383764.06,425479.35,4.85
2016-05-17,2.72,2.73,2.72,2.69,209241.05,0.0,0.0,2.722,2.798,2.893,229432.82,310364.7,437786.31,0.95
2016-05-16,2.7,2.73,2.71,2.67,215935.62,0.0,0.0,2.732,2.824,2.913,239808.8,328416.02,456201.95,0.98
2016-05-13,2.71,2.74,2.71,2.69,219531.7,-0.02,-0.73,2.74,2.845,2.934,314904.95,330287.07,471795.79,1.0
2016-05-12,2.73,2.73,2.72,2.66,284837.38,-0.04,-1.45,2.776,2.866,2.956,375164.05,354420.78,499830.08,1.3
2016-05-11,2.77,2.78,2.75,2.73,217618.33,-0.01,-0.36,2.828,2.891,2.976,368960.77,367720.28,530443.57,0.99
2016-05-10,2.75,2.78,2.77,2.74,261120.98,0.02,0.73,2.874,2.913,2.992,391296.58,374479.03,550309.74,1.19
2016-05-09,2.88,2.88,2.75,2.73,591416.38,-0.14,-4.84,2.916,2.932,3.008,417023.24,377754.64,564619.95,2.7
2016-05-06,2.97,2.98,2.89,2.88,520827.16,-0.09,-3.02,2.95,2.956,3.023,345669.19,353861.49,565731.81,2.37
2016-05-05,2.97,2.98,2.98,2.95,253821.02,0.01,0.34,2.956,2.965,3.034,333677.52,355878.63,579097.4,1.16
2016-05-04,2.96,2.99,2.98,2.95,329297.34,0.0,0.0,2.954,2.968,3.041,366479.78,467194.64,619759.2,1.5
2016-05-03,2.92,2.98,2.98,2.91,389754.31,0.06,2.06,2.952,2.988,3.051,357661.48,565207.92,662452.17,1.78
2016-04-29,2.92,2.94,2.92,2.9,234646.11,0.0,0.0,2.948,3.001,3.057,338486.03,583987.87,668571.53,1.07
2016-04-28,2.96,2.96,2.92,2.89,460868.84,-0.04,-1.35,2.962,3.023,3.066,362053.8,613304.5,684509.98,2.1
2016-04-27,2.97,3.02,2.97,2.95,417832.31,0.0,0.0,2.974,3.046,3.076,378079.73,645239.37,687652.37,1.9
2016-04-26,2.96,2.98,2.97,2.93,285205.84,0.01,0.34,2.982,3.06,3.08,567909.49,693166.86,693840.91,1.3
2016-04-25,2.98,2.98,2.96,2.93,293877.06,-0.03,-1.0,3.024,3.07,3.087,772754.35,726140.44,714095.2,1.34
2016-04-22,2.95,2.99,2.99,2.92,352484.94,0.02,0.67,3.054,3.084,3.095,829489.71,751485.26,725968.48,1.61
2016-04-21,2.99,3.03,2.98,2.95,540998.5,-0.03,-1.0,3.084,3.09,3.102,864555.2,777602.12,755490.48,2.47
2016-04-20,3.16,3.18,3.01,2.91,1366981.12,-0.17,-5.35,3.118,3.102,3.11,912399.0,802316.17,765005.59,6.23
2016-04-19,3.12,3.2,3.18,3.11,1309430.12,0.06,1.92,3.138,3.114,3.117,818424.23,772323.76,759448.58,5.97
2016-04-18,3.1,3.14,3.11,3.07,577553.88,-0.02,-0.64,3.116,3.114,3.115,679526.54,759696.43,749180.58,2.63
2016-04-15,3.15,3.16,3.14,3.11,527812.38,-0.01,-0.32,3.114,3.113,3.114,673480.8,753155.2,771734.32,2.41
2016-04-14,3.13,3.17,3.15,3.11,780217.5,0.04,1.29,3.096,3.109,3.108,690649.05,755715.46,770990.09,3.56
2016-04-13,3.08,3.15,3.11,3.08,897107.25,0.04,1.3,3.086,3.106,3.099,692233.34,730065.39,747716.02,4.09
2016-04-12,3.1,3.11,3.07,3.03,614941.69,-0.04,-1.29,3.09,3.099,3.093,726223.29,694514.95,722370.39,2.8
2016-04-11,3.06,3.12,3.1,3.06,547325.19,0.05,1.64,3.112,3.103,3.09,839866.33,702049.95,723410.02,2.5
2016-04-08,3.06,3.08,3.05,3.03,613653.62,-0.04,-1.29,3.112,3.106,3.083,832829.59,700451.7,711901.23,2.8
2016-04-07,3.12,3.17,3.1,3.09,788138.94,-0.04,-1.27,3.122,3.113,3.078,820781.86,733378.84,703200.64,3.59
2016-04-06,3.15,3.16,3.13,3.1,1067057.0,-0.05,-1.57,3.126,3.117,3.071,767897.43,727695.01,683398.1,4.86
2016-04-05,3.09,3.22,3.18,3.04,1183156.88,0.09,2.91,3.108,3.119,3.066,662806.62,746573.41,658729.8,5.39
2016-04-01,3.1,3.1,3.1,3.03,512141.5,-0.01,-0.32,3.094,3.116,3.059,564233.58,738664.73,627191.33,2.33
2016-03-31,3.12,3.14,3.1,3.09,553415.0,-0.02,-0.64,3.1,3.115,3.054,568073.81,790313.44,648839.98,2.52
2016-03-30,3.08,3.12,3.12,3.06,523716.78,0.07,2.29,3.104,3.107,3.053,645975.82,786264.73,692462.13,2.39
2016-03-29,3.11,3.13,3.04,3.02,541602.94,-0.07,-2.25,3.108,3.091,3.048,687492.59,765366.65,708057.0,2.47
2016-03-28,3.13,3.23,3.11,3.11,690291.69,-0.02,-0.64,3.13,3.086,3.041,830340.2,750225.83,705299.84,3.15
2016-03-25,3.09,3.14,3.13,3.08,531342.62,0.01,0.32,3.138,3.077,3.027,913095.88,744770.08,709034.64,2.42
2016-03-24,3.11,3.19,3.12,3.07,942925.06,-0.02,-0.64,3.13,3.059,3.02,1012553.07,723350.76,715437.91,4.3
2016-03-23,3.1,3.14,3.14,3.08,731300.62,-0.01,-0.32,3.11,3.042,3.011,926553.64,673022.43,728727.07,3.33
2016-03-22,3.13,3.3,3.15,3.1,1255841.0,-0.01,-0.32,3.074,3.024,3.014,843240.71,639101.18,729414.75,5.72
2016-03-21,3.1,3.16,3.15,3.08,1104070.12,0.06,1.94,3.042,3.013,3.015,670111.46,570886.19,710867.2,5.03
2016-03-18,3.02,3.11,3.09,3.0,1028628.56,0.08,2.66,3.016,3.002,3.018,576444.28,515717.93,703031.76,4.69
2016-03-17,2.96,3.03,3.02,2.96,512927.88,0.06,2.03,2.988,2.992,3.021,434148.44,507366.53,690648.89,2.34
2016-03-16,3.0,3.01,2.96,2.95,314736.0,-0.03,-1.0,2.974,2.998,3.028,419491.23,598659.54,729594.02,1.43
2016-03-15,3.01,3.02,2.99,2.96,390194.75,-0.04,-1.32,2.974,3.004,3.037,434961.65,650747.36,755420.17,1.78
2016-03-14,2.97,3.05,3.02,2.95,635734.19,0.07,2.37,2.984,2.995,3.044,471660.92,660373.84,786154.46,2.9
2016-03-11,2.91,2.97,2.95,2.87,317149.38,0.0,0.0,2.988,2.977,3.041,454991.59,673299.2,776441.24,1.45
2016-03-10,2.96,3.03,2.95,2.93,439641.84,-0.01,-0.34,2.996,2.981,3.043,580584.61,707525.06,787542.88,2.0
2016-03-09,2.97,3.0,2.96,2.93,392088.09,-0.08,-2.63,3.022,2.979,3.049,777827.84,784431.71,805669.06,1.79
2016-03-08,3.04,3.06,3.04,2.91,573691.12,0.0,0.0,3.034,3.004,3.052,866533.06,819728.33,813591.48,2.62
2016-03-07,3.0,3.07,3.04,2.99,552387.5,0.06,2.01,3.006,3.016,3.052,849086.76,850848.2,817131.49,2.52
2016-03-04,3.04,3.07,2.99,2.92,945114.5,-0.1,-3.24,2.966,3.034,3.048,891606.81,890345.6,835788.32,4.31
2016-03-03,3.0,3.24,3.08,2.99,1425858.0,0.06,1.99,2.966,3.049,3.054,834465.52,873931.26,844435.39,6.5
2016-03-02,2.88,3.04,3.02,2.87,835614.19,0.12,4.14,2.936,3.057,3.047,791035.57,860528.5,811257.0,3.81
2016-03-01,2.86,2.92,2.9,2.81,486459.59,0.06,2.11,2.974,3.069,3.05,772923.59,860092.99,840464.24,2.22
2016-02-29,2.98,2.98,2.84,2.7,764987.75,-0.14,-4.7,3.026,3.092,3.064,852609.65,911935.08,943574.95,3.49
2016-02-26,2.95,3.01,2.99,2.91,659408.06,0.05,1.7,3.102,3.104,3.086,889084.39,879583.28,978456.27,3.01
2016-02-25,3.2,3.2,2.93,2.9,1208708.25,-0.27,-8.44,3.132,3.105,3.085,913397.0,867560.69,978487.27,5.51
2016-02-24,3.13,3.22,3.21,3.12,745054.31,0.06,1.91,3.178,3.119,3.087,930021.43,826906.42,950188.72,3.4
2016-02-23,3.21,3.22,3.16,3.1,884889.88,-0.06,-1.86,3.164,3.099,3.08,947262.39,807454.64,955005.37,4.03
2016-02-22,3.16,3.23,3.22,3.15,947361.44,0.08,2.55,3.158,3.087,3.077,971260.51,783414.78,963593.23,4.32
2016-02-19,3.11,3.15,3.14,3.08,780971.12,-0.02,-0.63,3.106,3.062,3.067,870082.16,781231.04,946336.86,3.56
2016-02-18,3.17,3.33,3.16,3.14,1291830.38,0.01,0.32,3.078,3.059,3.06,821724.38,814939.52,953594.4,5.89
2016-02-17,3.09,3.16,3.14,3.07,831259.12,0.02,0.64,3.06,3.037,3.064,723791.41,761985.51,922904.89,3.79
2016-02-16,2.98,3.19,3.13,2.97,1004880.5,0.16,5.39,3.034,3.031,3.065,667646.89,820835.5,914262.75,4.58
2016-02-15,2.92,2.99,2.96,2.88,441469.69,-0.04,-1.33,3.016,3.035,3.071,595569.05,975214.83,900553.92,2.01
2016-02-05,3.07,3.08,3.0,2.99,539182.19,-0.06,-1.96,3.018,3.067,3.085,692379.92,1077329.27,944179.1,2.46
2016-02-04,3.02,3.16,3.07,3.0,802165.56,0.06,1.99,3.04,3.065,3.115,808154.66,1089413.84,991121.19,3.66
2016-02-03,2.98,3.04,3.01,2.96,550536.5,-0.03,-0.99,3.014,3.054,3.139,800179.61,1073471.01,976600.31,2.51
2016-02-02,2.94,3.08,3.04,2.93,644491.31,0.07,2.36,3.028,3.06,3.186,974024.11,1102556.09,1071397.75,2.94
2016-02-01,2.93,3.02,2.97,2.9,925524.06,-0.13,-4.19,3.054,3.067,3.22,1354860.6,1143771.67,1087053.27,4.22
2016-01-29,2.93,3.23,3.11,2.9,1118055.88,0.17,5.78,3.116,3.071,3.264,1462278.61,1111442.67,1084586.27,5.1
2016-01-28,3.03,3.06,2.94,2.91,762290.31,-0.15,-4.85,3.09,3.061,3.322,1370673.02,1092249.28,1076848.18,3.47
2016-01-27,3.17,3.2,3.08,2.88,1419759.0,-0.07,-2.22,3.094,3.09,3.384,1346762.41,1083824.27,1060714.57,6.47
2016-01-26,3.28,3.41,3.17,3.1,2548673.75,-0.11,-3.35,3.092,3.098,3.442,1231088.07,1007690.01,1012397.33,11.62
2016-01-25,3.01,3.28,3.28,2.98,1462614.12,0.3,10.07,3.08,3.106,3.493,932682.75,825893.01,917438.15,6.67
2016-01-22,2.99,3.01,2.98,2.9,660027.94,0.02,0.68,3.026,3.102,3.547,760606.72,811028.92,874023.2,3.01
2016-01-21,3.01,3.07,2.96,2.95,642737.25,-0.1,-3.27,3.032,3.165,3.62,813825.54,892828.54,888775.66,2.93
2016-01-20,3.07,3.1,3.07,3.01,841387.31,-0.05,-1.6,3.086,3.224,3.7,820886.14,879729.62,982115.25,3.84
2016-01-19,3.0,3.12,3.11,2.99,1056647.12,0.09,2.98,3.104,3.311,3.768,784291.94,1040239.41,987580.01,4.82
2016-01-18,2.91,3.09,3.01,2.91,602234.0,0.01,0.33,3.132,3.372,3.814,719103.27,1030334.87,955082.82,2.75
2016-01-15,3.19,3.21,3.01,2.98,926122.0,-0.22,-6.81,3.178,3.456,3.863,861451.12,1057729.87,943630.81,4.22
2016-01-14,3.05,3.25,3.23,3.01,678040.25,0.08,2.54,3.298,3.583,3.916,971831.55,1061447.09,919951.25,3.09
2016-01-13,3.23,3.34,3.16,3.14,658416.31,-0.09,-2.77,3.362,3.678,3.954,938573.1,1037604.87,902332.75,3.0
2016-01-12,3.21,3.29,3.25,3.12,730703.81,0.01,0.31,3.518,3.786,3.996,1296186.89,1017104.66,884375.09,3.52
2016-01-11,3.48,3.56,3.24,3.24,1313973.25,-0.36,-10.0,3.612,3.879,4.032,1341566.46,1008983.3,862360.92,6.34
2016-01-08,3.62,3.71,3.61,3.35,1478024.12,0.06,1.69,3.734,3.991,4.063,1254008.62,937017.48,808591.75,7.13
2016-01-07,3.8,3.8,3.55,3.55,511748.0,-0.39,-9.9,3.868,4.074,4.078,1151062.62,884722.78,750172.5,2.47
2016-01-06,3.73,4.05,3.94,3.63,2446485.25,0.23,6.2,3.994,4.176,4.101,1136636.64,1084500.88,735824.1,11.8
2016-01-05,3.7,3.91,3.72,3.52,957601.69,-0.13,-3.38,4.054,4.225,4.104,738022.44,934920.61,631800.68,4.62
2016-01-04,4.21,4.29,3.85,3.84,876184.06,-0.42,-9.84,4.146,4.255,4.126,676400.13,879830.77,597444.1,4.23
2015-12-31,4.18,4.49,4.28,4.16,963294.12,0.1,2.39,4.248,4.27,4.14,620026.34,829531.75,578270.79,7.14
2015-12-30,4.25,4.25,4.18,4.15,439618.09,-0.06,-1.42,4.28,4.248,4.133,618382.94,778455.41,552336.39,3.26
2015-12-29,4.17,4.25,4.24,4.14,453414.25,0.06,1.44,4.358,4.23,4.126,1032365.12,767060.63,551947.53,3.36
2015-12-28,4.37,4.41,4.18,4.16,649490.12,-0.18,-4.13,4.396,4.206,4.116,1131818.77,751645.52,550435.51,4.81
2015-12-25,4.43,4.46,4.36,4.33,594315.12,-0.08,-1.8,4.364,4.184,4.109,1083261.41,715738.54,545317.6,4.41
2015-12-24,4.45,4.53,4.44,4.31,955077.12,-0.14,-3.06,4.292,4.134,4.098,1039037.16,680166.02,557483.88,7.08
2015-12-23,4.48,4.86,4.57,4.44,2509529.0,0.14,3.16,4.216,4.082,4.104,938527.88,615622.21,546267.3,18.6
2015-12-22,4.04,4.43,4.43,4.0,950682.5,0.4,9.93,4.102,4.025,4.101,501756.13,387147.31,451308.86,7.05
2015-12-21,3.95,4.06,4.02,3.95,406703.31,0.02,0.5,4.016,3.982,4.105,371472.27,328680.75,424681.94,3.01
2015-12-18,4.06,4.08,4.0,3.98,373193.88,-0.06,-1.48,4.004,3.996,4.129,348215.66,315057.43,442931.81,2.77
2015-12-17,4.0,4.09,4.06,4.0,452530.72,0.07,1.75,3.976,4.01,4.152,321294.88,327009.83,447437.26,3.35
2015-12-16,4.0,4.05,4.0,3.95,325670.25,0.0,0.0,3.948,4.017,4.167,292716.54,326217.38,438149.97,2.41
2015-12-15,3.97,4.06,4.0,3.97,299263.19,0.04,1.01,3.948,4.021,4.182,272538.49,336834.44,438560.74,2.22
2015-12-14,3.82,3.97,3.96,3.8,290420.28,0.1,2.59,3.948,4.026,4.2,285889.23,349225.5,446805.23,2.15
2015-12-11,3.89,3.9,3.86,3.82,238589.97,-0.05,-1.28,3.988,4.033,4.222,281899.19,374896.66,453928.13,1.77
2015-12-10,3.98,4.02,3.92,3.88,309639.03,-0.08,-2.0,4.044,4.062,4.247,332724.78,434801.73,471475.17,2.3
2015-12-09,4.0,4.03,4.0,3.96,224780.0,0.0,0.0,4.086,4.126,4.277,359718.21,476912.38,493734.49,1.67
2015-12-08,4.14,4.14,4.0,4.0,366016.88,-0.17,-4.08,4.094,4.177,4.309,401130.39,515470.41,538301.81,2.71
2015-12-07,4.15,4.2,4.16,4.1,270470.06,0.01,0.24,4.104,4.227,4.336,412561.76,520683.12,556156.07,2.0
2015-12-04,4.1,4.2,4.14,4.08,492717.94,0.02,0.48,4.078,4.262,4.354,467894.12,570806.19,576242.05,3.65
2015-12-03,4.01,4.14,4.13,4.0,444606.19,0.08,1.98,4.08,4.293,4.373,536878.68,567864.7,591050.19,3.3
2015-12-02,4.04,4.05,4.04,3.9,431840.88,-0.01,-0.25,4.166,4.317,4.39,594106.55,550082.57,614152.05,3.2
2015-12-01,4.04,4.07,4.05,3.99,423173.72,0.02,0.5,4.26,4.342,4.408,629810.43,540287.04,624789.99,3.14
2015-11-30,4.14,4.22,4.03,3.81,547131.88,-0.12,-2.89,4.35,4.374,4.417,628804.49,544384.96,623575.6,4.06
2015-11-27,4.57,4.58,4.15,4.1,837640.75,-0.41,-8.99,4.446,4.41,4.43,673718.26,532959.6,630327.67,6.21
2015-11-26,4.52,4.66,4.56,4.5,730745.5,0.05,1.11,4.506,4.431,4.435,598850.71,508148.61,607283.95,5.42
2015-11-25,4.48,4.56,4.51,4.47,610360.31,0.02,0.45,4.468,4.427,4.423,506058.59,510556.61,590513.62,4.52
2015-11-24,4.5,4.56,4.5,4.42,418144.0,-0.01,-0.22,4.424,4.44,4.412,450763.64,561133.22,587467.23,3.1
2015-11-23,4.5,4.64,4.51,4.46,771700.75,0.06,1.35,4.398,4.444,4.409,459965.43,591629.01,603808.81,5.72
2015-11-20,4.37,4.48,4.45,4.36,463303.0,0.08,1.83,4.374,4.446,4.41,392200.94,581677.92,623146.82,3.43
2015-11-19,4.33,4.37,4.37,4.28,266784.91,0.08,1.86,4.356,4.452,4.418,417446.51,614235.69,642848.34,1.98
2015-11-18,4.38,4.39,4.29,4.27,333885.56,-0.08,-1.83,4.386,4.463,4.417,515054.62,678221.53,664935.71,2.47
2015-11-17,4.41,4.48,4.37,4.35,464152.91,-0.02,-0.46,4.456,4.473,4.413,671502.79,709292.94,697545.75,3.44
2015-11-16,4.21,4.4,4.39,4.21,432878.34,0.03,0.69,4.49,4.46,4.429,723292.59,702766.24,710971.14,3.21
2015-11-13,4.47,4.47,4.36,4.31,589530.81,-0.16,-3.54,4.518,4.449,4.442,771154.89,727695.73,748430.69,4.37
2015-11-12,4.61,4.67,4.52,4.46,754825.5,-0.12,-2.59,4.548,4.438,4.463,811024.88,706419.3,803649.2,5.59
2015-11-11,4.52,4.75,4.64,4.52,1116126.38,0.1,2.2,4.54,4.419,4.455,841388.43,670470.62,798529.18,8.27
2015-11-10,4.51,4.55,4.54,4.42,723101.94,0.01,0.22,4.49,4.384,4.436,747083.1,613801.24,786892.83,5.36
2015-11-09,4.48,4.55,4.53,4.43,672189.81,0.02,0.44,4.43,4.374,4.425,682239.89,615988.61,813041.54,4.98
2015-11-06,4.5,4.53,4.51,4.44,788880.75,0.04,0.9,4.38,4.374,4.407,684236.58,664615.72,805095.85,5.85
2015-11-05,4.4,4.54,4.48,4.39,906643.25,0.09,2.05,4.328,4.384,4.37,601813.72,671461.0,781843.1,6.72
2015-11-04,4.24,4.43,4.39,4.22,644599.75,0.15,3.54,4.298,4.371,4.332,499552.82,651649.89,752544.9,4.78
2015-11-03,4.16,4.35,4.24,4.16,398885.88,-0.04,-0.94,4.278,4.353,4.29,480519.38,685798.55,734118.62,2.96
2015-11-02,4.15,4.55,4.28,4.1,682173.25,0.03,0.71,4.318,4.397,4.253,549737.33,719176.04,728302.66,5.06
2015-10-30,4.34,4.34,4.25,4.2,376766.47,-0.09,-2.07,4.368,4.434,4.221,644994.86,769165.64,702823.18,2.79
2015-10-29,4.3,4.38,4.33,4.26,395338.75,0.04,0.93,4.44,4.488,4.19,741108.27,900879.09,698594.01,2.93
2015-10-28,4.38,4.43,4.29,4.26,549432.56,-0.15,-3.38,4.444,4.491,4.164,803746.96,926587.74,691534.26,4.07
2015-10-27,4.44,4.46,4.44,4.21,744975.62,-0.09,-1.99,4.428,4.488,4.137,891077.71,959984.41,680754.54,5.52
2015-10-26,4.58,4.77,4.53,4.45,1158460.88,-0.04,-0.88,4.476,4.476,4.108,888614.75,1010094.46,664832.91,8.59
2015-10-23,4.35,4.62,4.61,4.28,857333.56,0.27,6.22,4.5,4.439,4.07,893336.42,945575.98,621847.78,6.35
2015-10-22,4.19,4.38,4.35,4.04,708532.19,0.14,3.33,4.536,4.356,4.025,1060649.91,892225.2,594163.78,5.25
2015-10-21,4.66,4.66,4.21,4.21,986086.31,-0.47,-10.04,4.538,4.292,3.992,1049428.51,853439.92,586228.97,7.31
2015-10-20,4.6,4.69,4.68,4.51,732660.81,0.02,0.43,4.548,4.226,3.972,1028891.11,782438.69,561082.69,5.43
2015-10-19,4.75,4.75,4.65,4.59,1182069.25,-0.14,-2.92,4.476,4.108,3.912,1131574.17,737429.29,548146.28,8.76
2015-10-16,4.35,4.79,4.79,4.35,1693901.0,0.44,10.12,4.378,4.008,3.858,997815.54,636480.71,515389.44,12.56
2015-10-15,4.2,4.36,4.36,4.2,652425.19,0.1,2.35,4.176,3.892,3.816,723800.49,496308.94,455673.2,4.84
2015-10-14,4.22,4.4,4.26,4.13,883399.31,-0.05,-1.16,4.046,3.837,3.79,657451.32,456480.79,448148.85,6.55
2015-10-13,4.2,4.43,4.32,4.17,1246076.12,0.16,3.85,3.904,3.785,3.779,535986.27,401524.66,442000.26,9.24
2015-10-12,3.78,4.16,4.16,3.76,513276.06,0.38,10.05,3.74,3.739,3.758,343284.4,319571.35,414290.81,3.8
2015-10-09,3.71,3.81,3.78,3.67,323825.78,0.07,1.89,3.638,3.701,3.739,275145.89,298119.59,434841.13,2.4
2015-10-08,3.66,3.75,3.71,3.64,320679.34,0.15,4.21,3.608,3.693,3.723,268817.38,296102.37,446750.45,2.38
2015-09-30,3.49,3.57,3.55,3.47,276074.03,0.06,1.72,3.628,3.691,3.717,255510.25,319018.03,462076.13,2.05
2015-09-29,3.57,3.58,3.5,3.47,282566.78,-0.15,-4.11,3.666,3.717,3.739,267063.05,339726.69,497854.87,2.09
2015-09-28,3.6,3.66,3.65,3.56,172583.5,0.02,0.55,3.738,3.715,3.781,295858.31,358863.27,546126.14,1.28
2015-09-25,3.8,3.81,3.63,3.57,292183.25,-0.17,-4.47,3.764,3.707,3.803,321093.29,394298.16,580625.68,2.17
2015-09-24,3.76,3.82,3.81,3.74,254143.7,0.07,1.87,3.778,3.74,3.824,323387.35,415037.45,624836.32,1.88
2015-09-23,3.79,3.82,3.74,3.72,333838.03,-0.12,-3.11,3.754,3.743,3.852,382525.81,439816.9,634633.02,2.47
2015-09-22,3.78,3.96,3.86,3.76,426543.06,0.08,2.12,3.768,3.773,3.907,412390.33,482475.87,645823.7,3.16
2015-09-21,3.66,3.8,3.78,3.63,298758.41,0.08,2.16,3.692,3.777,3.983,421868.23,509010.27,721982.17,2.21
2015-09-18,3.7,3.76,3.7,3.61,303653.56,0.02,0.54,3.65,3.777,4.089,467503.04,571562.67,864291.62,2.25
2015-09-17,3.76,3.9,3.69,3.67,549836.0,-0.12,-3.15,3.702,3.752,4.209,506687.56,597398.53,861040.54,4.08
2015-09-16,3.53,3.83,3.81,3.51,483160.62,0.33,9.48,3.732,3.743,4.326,497107.99,605134.23,849732.94,3.58
2015-09-15,3.46,3.7,3.48,3.43,473932.56,-0.09,-2.52,3.778,3.76,4.47,552561.41,655983.05,843314.93,3.51
2015-09-14,3.99,4.02,3.57,3.57,526932.44,-0.4,-10.08,3.862,3.847,4.625,596152.31,733389.01,834634.47,3.91
2015-09-11,3.85,3.99,3.96,3.78,499576.16,0.11,2.86,3.904,3.899,4.771,675622.31,766953.2,819187.47,3.7
2015-09-10,3.96,3.99,3.84,3.83,501938.19,-0.2,-4.95,3.802,3.908,4.889,688109.51,834635.18,803882.62,3.72
2015-09-09,3.96,4.05,4.04,3.87,760427.69,0.14,3.59,3.754,3.96,5.021,713160.46,829449.13,797147.8,5.64
2015-09-08,3.7,3.93,3.9,3.67,691887.06,0.12,3.17,3.742,4.04,5.138,759404.7,809171.53,774813.08,5.13
2015-09-07,3.54,3.78,3.78,3.5,924282.44,0.34,9.88,3.832,4.188,5.248,870625.71,934954.06,748784.37,6.85
2015-09-02,3.43,3.76,3.45,3.31,562012.19,-0.15,-4.17,3.894,4.4,5.357,858284.09,1157020.57,709930.75,4.17
2015-09-01,3.97,3.97,3.6,3.59,627192.94,-0.38,-9.55,4.014,4.666,5.488,981160.85,1124682.55,694639.32,4.65
2015-08-31,4.26,4.26,3.98,3.92,991648.88,-0.37,-8.51,4.166,4.908,5.615,945737.8,1094331.65,675185.46,7.35
2015-08-28,4.11,4.36,4.35,4.0,1247992.12,0.25,6.1,4.338,5.18,5.708,858938.36,1030646.81,637378.73,9.25
2015-08-27,4.1,4.28,4.09,3.81,862574.31,0.05,1.24,4.544,5.403,5.775,999282.41,935879.93,584082.03,6.39
2015-08-26,4.37,4.69,4.05,3.92,1176396.0,-0.31,-7.11,4.906,5.643,5.867,1455757.05,871421.73,554455.71,8.72
2015-08-25,4.36,4.46,4.36,4.36,450077.69,-0.48,-9.92,5.318,5.87,5.976,1268204.24,773130.06,507750.31,3.34
2015-08-24,5.03,5.19,4.84,4.84,557651.69,-0.54,-10.04,5.65,6.082,6.053,1242925.51,764846.47,504479.9,4.13
2015-08-21,5.59,5.64,5.38,5.32,1949712.38,-0.53,-8.97,6.022,6.235,6.129,1202355.26,740454.63,492519.53,14.45
2015-08-20,5.65,6.7,5.9,5.49,3144947.5,-0.2,-3.28,6.262,6.308,6.213,872477.45,562614.68,421423.19,23.31
2015-08-19,5.82,6.16,6.11,5.51,238631.95,0.09,1.5,6.38,6.313,6.263,287086.41,262840.93,283365.41,3.78
2015-08-18,6.63,6.68,6.02,6.02,323684.03,-0.67,-10.02,6.422,6.31,6.293,278055.88,264596.09,285788.23,5.13
2015-08-17,6.48,6.7,6.7,6.3,354800.44,0.11,1.67,6.514,6.322,6.33,286767.43,256039.27,282394.25,5.63
2015-08-14,6.56,6.73,6.58,6.45,300323.31,0.09,1.39,6.448,6.236,6.329,278554.0,244110.64,280450.21,4.76
2015-08-13,6.29,6.52,6.49,6.26,217992.34,0.18,2.85,6.354,6.146,6.331,252751.92,232284.14,279764.1,3.46
2015-08-12,6.37,6.47,6.32,6.3,193479.27,-0.16,-2.47,6.246,6.091,6.32,238595.44,237489.68,283830.08,3.07
2015-08-11,6.38,6.67,6.48,6.3,367241.81,0.1,1.57,6.198,6.081,6.322,251136.31,242370.55,292035.5,5.82
2015-08-10,6.15,6.45,6.37,6.1,313733.28,0.26,4.25,6.13,6.024,6.353,225311.1,244113.33,308158.32,4.98
2015-08-07,5.94,6.13,6.11,5.94,171312.88,0.17,2.86,6.024,6.022,6.412,209667.28,244584.43,330667.98,2.72
2015-08-06,6.05,6.12,5.95,5.89,147209.98,-0.12,-1.98,5.938,6.117,6.449,211816.36,280231.7,359563.7,2.33
2015-08-05,6.16,6.33,6.08,6.04,256183.58,-0.07,-1.14,5.936,6.212,6.464,236383.91,303889.89,386886.9,4.06
2015-08-04,5.84,6.15,6.14,5.73,238115.77,0.29,4.96,5.964,6.276,6.443,233604.8,306980.38,374953.97,3.78
2015-08-03,5.66,5.94,5.84,5.31,235514.17,0.17,3.0,5.918,6.338,6.451,262915.56,308749.23,368927.53,3.73
2015-07-31,5.83,5.89,5.68,5.59,182058.31,-0.25,-4.22,6.02,6.421,6.509,279501.57,316789.79,385642.26,2.89
2015-07-30,6.12,6.21,5.94,5.86,270047.72,-0.27,-4.35,6.296,6.515,6.614,348647.04,327244.06,399404.39,4.28
2015-07-29,6.01,6.27,6.22,5.78,242288.03,0.31,5.25,6.488,6.549,6.749,371395.86,330170.49,415113.56,3.84
2015-07-28,5.86,6.4,5.91,5.72,384669.59,-0.44,-6.93,6.588,6.563,6.918,380355.95,341700.44,453393.74,6.1
2015-07-27,6.9,7.06,6.35,6.35,318444.22,-0.7,-9.93,6.758,6.681,7.113,354582.9,372203.31,471823.1,5.05
2015-07-24,6.85,7.15,7.06,6.83,527785.62,0.16,2.32,6.822,6.801,7.246,354078.01,416751.54,490291.51,8.37
2015-07-23,6.7,6.91,6.9,6.6,383791.84,0.18,2.68,6.734,6.781,7.327,305841.08,438895.7,489551.94,6.09
2015-07-22,6.75,6.88,6.72,6.51,287088.5,-0.01,-0.15,6.61,6.715,7.465,288945.12,469883.91,524165.24,4.55
2015-07-21,6.56,6.83,6.76,6.48,255804.3,0.1,1.5,6.538,6.61,7.578,303044.92,442927.56,522472.48,4.06
2015-07-20,6.53,6.94,6.67,6.53,315919.78,0.05,0.76,6.604,6.564,7.648,389823.72,429105.83,525150.84,5.01
2015-07-17,6.3,6.72,6.62,6.3,286600.97,0.33,5.25,6.78,6.597,7.728,479425.08,454494.72,525373.07,4.54
2015-07-16,5.88,6.61,6.28,5.79,299312.03,-0.08,-1.26,6.828,6.713,7.857,571950.32,471564.72,524792.94,4.75
2015-07-15,6.89,6.9,6.36,6.36,357587.53,-0.71,-10.04,6.82,6.949,8.025,650822.71,500056.64,528379.49,5.67
2015-07-14,7.53,7.88,7.09,7.0,689698.31,-0.46,-6.09,6.682,7.272,8.178,582810.2,565087.04,528963.01,10.94
2015-07-13,7.05,7.55,7.55,6.86,763926.56,0.69,10.06,6.524,7.544,8.323,468387.94,571442.89,519530.19,12.11
2015-07-10,6.3,6.86,6.86,6.0,749227.19,0.62,9.94,6.414,7.691,8.465,429564.36,563831.48,516541.33,11.88
2015-07-09,5.1,6.24,6.24,5.1,693673.94,0.57,10.05,6.598,7.873,8.631,371179.11,540208.18,504448.78,11.0
2015-07-08,5.67,5.67,5.67,5.67,17525.0,-0.63,-10.0,7.078,8.214,8.812,349290.57,578446.56,487819.34,0.28
2015-07-07,6.33,6.47,6.3,6.3,117587.0,-0.7,-10.0,7.862,8.545,9.026,547363.88,602017.41,508293.56,1.86
2015-07-06,8.55,8.55,7.0,7.0,569808.69,-0.78,-10.03,8.564,8.732,9.217,674497.83,621195.85,533243.68,9.04
2015-07-03,7.98,8.71,7.78,7.78,457300.91,-0.86,-9.95,8.968,8.858,9.355,698098.59,596251.41,530938.08,7.25
2015-07-02,9.5,9.5,8.64,8.64,584231.25,-0.96,-10.0,9.148,9.0,9.442,709237.25,578021.17,530831.85,9.26
2015-07-01,9.81,10.5,9.59,9.5,1007891.56,-0.22,-2.24,9.35,9.101,9.497,807602.55,556702.34,526870.12,15.98
2015-06-30,8.9,9.86,9.81,8.2,753256.75,0.81,9.0,9.228,9.084,9.526,656670.93,492838.97,503198.88,11.95
2015-06-29,8.96,9.27,9.02,7.88,687812.5,0.34,3.92,8.9,9.102,9.526,567893.86,467617.49,489978.57,10.91
2015-06-26,9.08,9.46,8.68,8.68,512994.19,-0.96,-9.96,8.748,9.238,9.537,494404.23,469251.18,484735.18,8.14
2015-06-25,9.58,9.88,9.65,9.12,1076057.75,0.67,7.46,8.852,9.388,9.572,446805.08,468689.37,511656.91,17.06
2015-06-24,8.27,8.98,8.98,8.25,253233.45,0.82,10.05,8.852,9.41,9.601,305802.13,397192.12,505310.05,4.02
2015-06-23,8.26,8.42,8.17,7.44,309371.41,-0.09,-1.09,8.94,9.507,9.616,329007.02,414569.72,522563.35,4.91
2015-06-19,8.94,9.05,8.26,8.26,320364.34,-0.92,-10.02,9.304,9.702,9.667,367341.12,445291.51,538239.21,5.08
2015-06-18,9.69,9.69,9.2,9.1,274998.47,-0.45,-4.66,9.728,9.851,9.701,444098.14,465624.75,549912.89,4.36
2015-06-17,9.3,9.77,9.65,8.9,371042.97,0.23,2.44,9.924,9.883,9.681,490573.66,483642.54,556639.6,5.88
2015-06-16,9.81,9.86,9.42,9.38,369257.91,-0.57,-5.71,9.968,9.893,9.63,488582.11,497037.91,560964.83,5.86
2015-06-15,10.35,10.35,9.99,9.9,501041.91,-0.39,-3.76,10.074,9.967,9.596,500132.41,513558.78,560150.2,7.95
2015-06-12,10.19,10.73,10.38,10.1,704149.44,0.2,1.97,10.1,9.949,9.535,523241.89,512339.65,559562.19,11.17
2015-06-11,9.86,10.28,10.18,9.62,507376.09,0.31,3.14,9.974,9.835,9.434,487151.36,500219.19,543699.28,8.05
2015-06-10,9.89,10.0,9.87,9.58,361085.22,-0.08,-0.8,9.842,9.756,9.361,476711.42,554624.45,543224.24,5.73
2015-06-09,10.16,10.2,9.95,9.71,427009.41,-0.17,-1.68,9.818,9.791,9.315,505493.7,613427.98,567466.58,6.77
2015-06-08,9.76,10.41,10.12,9.76,616589.31,0.37,3.79,9.86,9.725,9.265,526985.14,630556.98,590940.82,9.78
2015-06-05,9.58,9.88,9.75,9.4,523696.78,0.23,2.42,9.798,9.631,9.165,501437.4,631186.91,592972.69,8.3
2015-06-04,9.73,9.73,9.52,8.8,455176.38,-0.23,-2.36,9.696,9.55,9.047,513287.01,634201.03,587044.0,7.22
2015-06-03,10.16,10.16,9.75,9.58,504996.62,-0.41,-4.04,9.67,9.479,8.936,632537.48,629636.67,594334.46,8.01
2015-06-02,9.84,10.27,10.16,9.7,534466.62,0.35,3.57,9.764,9.367,8.853,721362.26,624891.76,634363.46,8.48
2015-06-01,9.29,9.85,9.81,9.25,488850.62,0.57,6.17,9.59,9.224,8.774,734128.82,606741.62,619826.9,7.75
2015-05-29,9.29,9.72,9.24,8.68,582944.81,-0.15,-1.6,9.464,9.12,8.673,760936.42,606784.72,617804.72,9.24
2015-05-28,10.3,10.94,9.39,9.35,1051428.75,-0.83,-8.12,9.404,9.033,8.565,755115.05,587179.38,600395.75,16.67
2015-05-27,9.3,10.22,10.22,9.09,949120.5,0.93,10.01,9.288,8.966,8.448,626735.85,531824.02,568030.41,15.05
2015-05-26,9.29,9.4,9.29,9.01,598299.44,0.11,1.2,8.97,8.839,8.308,528421.26,521505.17,540416.15,9.49
2015-05-25,8.89,9.19,9.18,8.63,622888.62,0.24,2.69,8.858,8.804,8.206,479354.42,551324.66,537141.66,9.88
2015-05-22,8.87,9.2,8.94,8.67,553837.94,0.13,1.48,8.776,8.699,8.099,452633.02,554758.46,515970.49,8.78
2015-05-21,8.57,8.83,8.81,8.35,409532.75,0.18,2.09,8.662,8.544,7.987,419243.7,539886.97,494514.24,6.49
2015-05-20,8.7,8.87,8.63,8.55,457547.56,-0.1,-1.15,8.644,8.392,7.866,436912.19,559032.25,484270.46,7.26
2015-05-19,8.78,8.94,8.73,8.45,352965.25,-0.04,-0.46,8.708,8.339,7.738,514589.09,643835.16,474768.78,5.6
2015-05-18,8.39,9.09,8.77,8.39,489281.62,0.4,4.78,8.75,8.323,7.617,623294.89,632912.18,466574.38,7.76
2015-05-15,8.65,8.65,8.37,8.22,386891.34,-0.35,-4.01,8.622,8.225,7.491,656883.9,628824.72,450595.57,6.14
2015-05-14,8.94,8.95,8.72,8.54,497875.16,-0.23,-2.57,8.426,8.096,7.384,660530.23,613612.13,441739.82,7.9
2015-05-13,8.94,9.56,8.95,8.6,845932.06,0.01,0.11,8.14,7.929,7.274,681152.32,604236.81,427931.72,13.41
2015-05-12,8.27,8.94,8.94,8.27,896494.25,0.81,9.96,7.97,7.776,7.161,773081.23,559327.14,399267.75,14.22
2015-05-11,7.48,8.13,8.13,7.24,657226.69,0.74,10.01,7.896,7.608,7.043,642529.47,522958.66,364914.02,10.42
2015-05-08,7.26,7.48,7.39,7.08,405122.97,0.1,1.37,7.828,7.499,6.95,600765.55,477182.51,344509.72,6.42
2015-05-07,7.79,7.81,7.29,7.29,600985.62,-0.81,-10.0,7.766,7.43,6.906,566694.03,449141.52,336254.7,9.53
2015-05-06,9.43,9.43,8.1,7.87,1305576.62,-0.47,-5.48,7.718,7.339,6.869,527321.3,409508.67,318634.46,20.7
2015-05-05,8.57,8.57,8.57,8.38,243735.44,0.78,10.01,7.582,7.137,6.794,345573.04,305702.4,264926.54,3.87
2015-05-04,7.3,7.79,7.79,7.22,448407.09,0.71,10.03,7.32,6.911,6.687,403387.85,300236.58,261452.61,7.11
2015-04-29,7.02,7.14,7.08,6.75,234765.36,0.03,0.43,7.17,6.757,6.618,353599.47,272366.42,248054.03,3.72
2015-04-28,7.49,7.63,7.05,7.05,404121.97,-0.37,-4.99,7.094,6.671,6.581,331589.02,269867.51,250960.48,6.41
2015-04-27,7.34,7.62,7.42,7.28,396835.34,0.16,2.2,6.96,6.619,6.557,291696.05,251626.63,244466.57,6.29
2015-04-24,7.39,7.39,7.26,7.09,532809.5,0.22,3.12,6.692,6.545,6.521,265831.77,239208.37,240146.94,8.45
2015-04-23,7.04,7.04,7.04,6.99,199465.17,0.34,5.08,6.502,6.477,6.476,197085.31,206869.37,230683.05,3.16
2015-04-22,6.56,6.7,6.7,6.56,124713.13,0.32,5.02,6.344,6.4,6.459,191133.38,211836.93,237218.01,1.98
2015-04-21,6.13,6.38,6.38,6.13,204657.09,0.3,4.93,6.248,6.381,6.463,208145.99,223367.88,257064.07,3.25
2015-04-20,6.28,6.3,6.08,6.06,267513.94,-0.23,-3.65,6.278,6.399,6.466,211557.21,227760.24,268809.76,4.24
2015-04-17,6.22,6.41,6.31,6.22,189077.2,0.06,0.96,6.398,6.45,6.469,212584.98,224150.68,267446.92,3.0
2015-04-16,6.16,6.34,6.25,6.01,169705.55,0.03,0.48,6.452,6.462,6.446,216653.44,222668.64,273308.03,2.69
2015-04-15,6.5,6.5,6.22,6.2,209776.16,-0.31,-4.75,6.456,6.478,6.412,232540.48,223741.63,276792.91,3.33
2015-04-14,6.77,6.77,6.53,6.48,221713.19,-0.15,-2.25,6.514,6.491,6.378,238589.76,232053.45,287812.85,3.52
2015-04-13,6.79,6.88,6.68,6.65,272652.78,0.1,1.52,6.52,6.495,6.319,243963.28,237306.52,283165.91,4.32
2015-04-10,6.24,6.58,6.58,6.21,209419.52,0.31,4.94,6.502,6.496,6.24,235716.39,241085.51,281820.49,3.32
2015-04-09,6.49,6.5,6.27,6.18,249140.73,-0.24,-3.69,6.472,6.475,6.162,228683.83,254496.72,302848.46,3.95
2015-04-08,6.58,6.64,6.51,6.28,240022.59,-0.05,-0.76,6.5,6.518,6.111,214942.77,262599.09,292114.83,3.81
2015-04-07,6.64,6.73,6.56,6.51,248580.77,-0.03,-0.46,6.468,6.544,6.062,225517.13,290760.27,287739.35,3.94
2015-04-03,6.41,6.62,6.59,6.35,231418.34,0.16,2.49,6.47,6.533,6.025,230649.75,309859.28,275828.36,3.67
2015-04-02,6.41,6.54,6.43,6.37,174256.73,0.02,0.31,6.49,6.488,5.972,246454.62,310743.15,265207.99,2.76
2015-04-01,6.34,6.58,6.41,6.33,180435.44,0.06,0.94,6.478,6.43,5.915,280309.6,323947.42,258161.97,2.86
2015-03-31,6.51,6.57,6.35,6.24,292894.38,-0.22,-3.35,6.536,6.346,5.846,310255.4,329844.19,252744.71,4.64
2015-03-30,6.56,6.85,6.57,6.5,274243.88,-0.12,-1.79,6.62,6.264,5.768,356003.4,343572.26,247350.08,4.35
2015-03-27,6.21,6.69,6.69,6.21,310442.69,0.32,5.02,6.596,6.143,5.667,389068.81,329025.3,244612.68,4.92
2015-03-26,6.6,6.6,6.37,6.37,343531.62,-0.33,-4.92,6.486,5.984,5.613,375031.68,322555.47,241147.94,5.45
2015-03-25,6.92,6.93,6.7,6.53,330164.41,-0.07,-1.03,6.382,5.848,5.571,367585.24,351200.21,235459.96,5.24
2015-03-24,6.47,6.77,6.77,6.23,521634.41,0.32,4.96,6.156,5.703,5.505,349432.98,321630.57,229889.11,8.27
2015-03-23,6.45,6.45,6.45,6.18,439570.94,0.31,5.05,5.908,5.579,5.426,331141.12,284718.43,211655.03,6.97
2015-03-20,5.86,6.14,6.14,5.85,240257.02,0.29,4.96,5.69,5.516,5.357,268981.78,241797.44,196460.63,3.81
2015-03-19,5.58,5.85,5.85,5.56,306299.44,0.28,5.03,5.482,5.456,5.301,270079.26,219672.83,193332.32,4.86
2015-03-18,5.53,5.61,5.57,5.42,239403.09,0.04,0.72,5.314,5.399,5.259,334815.17,192376.52,184642.54,3.8
2015-03-17,5.62,5.63,5.53,5.39,430175.12,0.17,3.17,5.25,5.345,5.233,293828.15,175645.24,180079.16,6.82
2015-03-16,5.27,5.36,5.36,5.12,128774.21,0.26,5.1,5.25,5.271,5.206,238295.73,151127.89,157343.16,2.04
2015-03-13,4.95,5.11,5.1,4.89,245744.44,0.09,1.8,5.342,5.191,5.191,214613.1,160200.06,160200.06,3.9
2015-03-12,4.99,5.51,5.01,4.99,629979.0,-0.24,-4.57,5.43,5.201,5.201,169266.4,150695.13,150695.13,9.99
2015-03-11,5.25,5.25,5.25,5.25,34468.0,-0.28,-5.06,5.484,5.225,5.225,49937.87,90784.64,90784.64,0.55
2015-03-10,6.11,6.11,5.53,5.53,152513.0,-0.29,-4.98,5.44,5.221,5.221,57462.33,98829.88,98829.88,2.42
2015-03-09,5.82,5.82,5.82,5.82,10361.06,0.28,5.05,5.292,5.17,5.17,63960.05,89882.69,89882.69,0.16
2015-03-06,5.54,5.54,5.54,5.54,19010.93,0.26,4.92,5.04,5.04,5.04,105787.02,105787.02,105787.02,0.3
2015-03-05,5.28,5.28,5.28,5.28,33336.37,0.25,4.97,4.915,4.915,4.915,127481.04,127481.04,127481.04,0.53
2015-03-04,4.96,5.03,5.03,4.95,72090.27,0.24,5.01,4.793,4.793,4.793,158862.6,158862.6,158862.6,1.14
2015-03-03,4.57,4.79,4.79,4.56,185001.61,0.23,5.04,4.675,4.675,4.675,202248.76,202248.76,202248.76,2.93
2015-03-02,4.35,4.56,4.56,4.34,219495.91,0.22,5.07,4.56,4.56,4.56,219495.91,219495.91,219495.91,3.48
