date,open,high,close,low,volume,price_change,p_change,ma5,ma10,ma20,v_ma5,v_ma10,v_ma20
2018-02-26,3307.3,3335.99,3329.57,3281.62,1885686.0,40.55,1.23,3254.254,3249.721,3379.901,1449879.67,1877397.54,2075559.51
2018-02-23,3275.43,3294.13,3289.02,3258.49,1457903.62,20.46,0.63,3219.166,3265.514,3388.491,1379364.12,1906502.69,2090018.97
2018-02-22,3237.57,3269.92,3268.56,3234.12,1387304.5,69.4,2.17,3187.332,3282.82,3398.433,1600561.75,1968832.88,2140892.15
2018-02-14,3188.25,3203.5,3199.16,3171.38,1003228.25,14.2,0.45,3186.03,3300.662,3408.742,1725625.85,2090607.13,2181546.7
2018-02-13,3176.11,3219.22,3184.96,3176.11,1515276.0,30.83,0.98,3208.05,3328.829,3421.018,2046859.65,2197537.7,2261907.8
2018-02-12,3128.37,3168.13,3154.13,3113.61,1533108.25,24.28,0.78,3245.188,3359.134,3433.599,2304915.4,2232380.08,2291881.74
2018-02-09,3172.85,3180.11,3129.85,3062.74,2563891.75,-132.2,-4.05,3311.862,3396.021,3446.417,2433641.25,2315096.23,2331230.96
2018-02-08,3281.05,3307.16,3262.05,3225.71,2012625.0,-47.21,-1.43,3378.308,3438.849,3461.372,2337104.0,2281405.35,2290068.08
2018-02-07,3412.74,3425.54,3309.26,3304.01,2609397.25,-61.39,-1.82,3415.294,3467.475,3469.536,2455588.4,2323556.28,2276342.89
2018-02-06,3418.01,3440.12,3370.65,3364.22,2805554.75,-116.85,-3.35,3449.608,3492.496,3475.165,2348215.75,2315571.05,2250420.53
2018-02-05,3411.67,3487.72,3487.5,3406.24,2176737.5,25.42,0.73,3473.08,3510.081,3477.327,2159844.75,2273721.48,2205887.07
2018-02-02,3419.22,3463.16,3462.08,3388.86,2081205.5,15.1,0.44,3480.18,3511.467,3473.426,2196551.2,2273535.25,2215132.74
2018-02-01,3478.67,3495.09,3446.98,3424.42,2605047.0,-33.85,-0.97,3499.39,3514.045,3469.91,2225706.7,2312951.42,2217602.81
2018-01-31,3470.51,3495.45,3480.83,3454.73,2072534.0,-7.18,-0.21,3519.656,3516.822,3466.846,2191524.15,2272486.28,2190828.1
2018-01-30,3511.5,3523.05,3488.01,3484.66,1863699.75,-34.99,-0.99,3535.384,3513.206,3461.26,2282926.35,2326277.9,2194119.48
2018-01-29,3563.64,3587.03,3523.0,3510.27,2360269.75,-35.13,-0.99,3547.082,3508.064,3454.276,2387598.2,2351383.4,2202073.92
2018-01-26,3535.49,3574.9,3558.13,3534.2,2226983.0,9.82,0.28,3542.754,3496.813,3443.485,2350519.3,2347365.7,2154853.85
2018-01-25,3555.17,3571.48,3548.31,3528.03,2434134.25,-11.16,-0.31,3528.7,3483.894,3430.397,2400196.15,2298730.8,2131190.54
2018-01-24,3553.48,3569.49,3559.47,3527.11,2529545.0,12.97,0.37,3513.988,3471.597,3416.771,2353448.4,2229129.51,2090821.27
2018-01-23,3504.34,3547.22,3546.5,3504.34,2387059.0,45.14,1.29,3491.028,3457.833,3404.103,2369629.45,2185270.01,2035561.27
2018-01-22,3476.99,3503.39,3501.36,3475.67,2174875.25,13.5,0.39,3469.046,3444.573,3390.801,2315168.6,2138052.66,1989655.14
2018-01-19,3481.62,3498.43,3487.86,3474.29,2475367.25,13.11,0.38,3450.872,3435.385,3380.586,2344212.1,2156730.24,1942935.04
2018-01-18,3449.88,3476.55,3474.75,3448.79,2200395.5,30.08,0.87,3439.088,3425.774,3371.196,2197265.45,2122254.19,1890230.64
2018-01-17,3438.58,3465.2,3444.67,3430.51,2610450.25,8.08,0.23,3429.206,3416.87,3361.839,2104810.63,2109169.93,1849083.42
2018-01-16,3403.47,3437.58,3436.59,3401.96,2114754.75,26.1,0.77,3424.638,3409.314,3354.433,2000910.58,2061961.05,1776130.98
2018-01-15,3428.95,3442.5,3410.49,3402.31,2320092.75,-18.45,-0.54,3420.1,3400.488,3345.999,1960936.73,2052764.44,1730743.43
2018-01-12,3423.88,3435.42,3428.94,3417.98,1740634.0,3.6,0.1,3419.898,3390.156,3338.781,1969248.38,1962342.0,1680209.1
2018-01-11,3415.59,3426.48,3425.34,3405.64,1738121.38,3.51,0.1,3412.46,3376.9,3331.956,2047242.93,1963650.28,1653449.52
2018-01-10,3414.11,3430.21,3421.83,3398.84,2090950.0,7.93,0.23,3404.534,3361.944,3325.842,2113529.23,1952513.03,1622542.78
2018-01-09,3406.11,3417.23,3413.9,3403.59,1914885.5,4.42,0.13,3393.99,3350.373,3318.791,2123011.53,1885852.53,1580297.69
2018-01-08,3391.55,3412.73,3409.48,3384.56,2361651.0,17.73,0.52,3380.876,3337.029,3314.205,2144592.15,1841257.61,1550536.41
2018-01-05,3386.46,3402.07,3391.75,3380.25,2130606.75,6.04,0.18,3360.414,3325.787,3308.231,1955435.63,1729139.84,1499058.51
2018-01-04,3371.0,3392.83,3385.71,3365.3,2069552.88,16.6,0.49,3341.34,3316.618,3302.246,1880057.63,1658207.09,1458581.13
2018-01-03,3347.74,3379.92,3369.11,3345.29,2138361.5,20.78,0.62,3319.354,3306.808,3297.659,1791496.83,1588996.91,1430905.71
2018-01-02,3314.03,3349.05,3348.33,3314.03,2022788.62,41.16,1.25,3306.756,3299.551,3294.387,1648693.53,1490300.9,1428127.06
2017-12-29,3295.25,3308.22,3307.17,3292.77,1415868.38,10.79,0.33,3293.182,3291.51,3292.452,1537923.08,1408722.43,1401014.28
2017-12-28,3272.29,3304.1,3296.38,3263.73,1753716.75,20.6,0.63,3291.16,3287.407,3292.974,1502844.05,1398076.2,1399820.01
2017-12-27,3302.46,3307.08,3275.78,3270.35,1626748.88,-30.34,-0.92,3291.896,3287.013,3294.015,1436356.55,1343248.76,1390432.09
2017-12-26,3277.84,3307.3,3306.12,3274.33,1424345.0,25.66,0.78,3294.262,3289.739,3297.118,1386497.0,1292572.53,1400997.62
2017-12-25,3296.21,3312.3,3280.46,3270.44,1468936.38,-16.6,-0.5,3292.346,3287.208,3298.496,1331908.28,1274742.85,1398904.27
2017-12-22,3297.69,3307.33,3297.06,3293.44,1240473.25,-3.0,-0.09,3289.838,3291.382,3300.584,1279521.78,1259815.2,1408677.04
2017-12-21,3281.12,3309.22,3300.06,3267.4,1421279.25,12.45,0.38,3283.654,3290.675,3303.422,1293308.35,1268977.19,1426438.21
2017-12-20,3296.74,3300.21,3287.61,3276.12,1377451.12,-8.93,-0.27,3282.13,3287.874,3306.015,1250140.98,1258955.16,1463006.94
2017-12-19,3266.02,3296.94,3296.54,3266.02,1151401.38,28.62,0.88,3285.216,3288.509,3313.158,1198648.05,1272814.5,1500917.94
2017-12-18,3268.03,3280.54,3267.92,3254.18,1207003.88,1.78,0.05,3282.07,3289.223,3318.856,1217577.43,1365953.23,1541783.77
2017-12-15,3287.53,3287.53,3266.14,3259.39,1309406.12,-26.3,-0.8,3292.926,3293.393,3325.08,1240108.63,1393306.13,1569695.92
2017-12-14,3302.93,3309.53,3292.44,3282.57,1205442.38,-10.6,-0.32,3297.696,3298.541,3330.918,1244646.03,1401563.81,1628954.69
2017-12-13,3278.4,3304.01,3303.04,3273.32,1119986.5,22.23,0.68,3293.618,3301.016,3336.259,1267769.35,1437615.43,1647024.74
2017-12-12,3320.31,3320.31,3280.81,3280.33,1246048.25,-41.39,-1.25,3291.802,3304.498,3341.233,1346980.95,1509422.71,1675421.45
2017-12-11,3290.49,3322.67,3322.2,3288.29,1319659.88,32.21,0.98,3296.376,3309.783,3348.67,1514329.02,1523065.69,1711355.38
2017-12-08,3264.48,3297.13,3289.99,3258.76,1332093.12,17.94,0.55,3293.86,3309.786,3354.952,1546503.62,1557538.88,1748066.91
2017-12-07,3283.28,3291.28,3272.05,3259.16,1321059.0,-21.91,-0.67,3299.386,3316.169,3362.086,1558481.6,1583899.23,1776100.5
2017-12-06,3291.31,3296.2,3293.96,3254.61,1516044.5,-9.72,-0.29,3308.414,3324.156,3369.873,1607461.5,1667058.73,1789372.76
2017-12-05,3301.69,3315.74,3303.68,3300.51,2082788.62,-5.94,-0.18,3317.194,3337.806,3375.947,1671864.48,1729021.38,1806288.78
2017-12-04,3310.38,3324.0,3309.62,3304.1,1480532.88,-8.0,-0.24,3323.19,3348.488,3381.442,1531802.35,1717614.31,1797435.22
2017-12-01,3315.11,3324.52,3317.62,3302.44,1391983.0,0.43,0.01,3325.712,3356.766,3385.37,1568574.13,1746085.71,1800726.81
2017-11-30,3328.64,3340.92,3317.19,3306.28,1565958.5,-20.67,-0.62,3332.952,3363.295,3388.076,1609316.85,1856345.56,1817485.05
2017-11-29,3335.57,3343.06,3337.86,3305.57,1838059.38,4.2,0.13,3339.898,3371.501,3391.381,1726655.95,1856434.05,1822619.26
2017-11-28,3311.23,3333.8,3333.66,3300.78,1382478.0,11.43,0.34,3358.418,3377.967,3394.284,1786178.27,1841420.19,1820999.35
2017-11-27,3346.66,3347.05,3322.23,3315.26,1664391.75,-31.59,-0.94,3373.786,3387.556,3397.268,1903426.27,1899645.06,1828624.55
2017-11-24,3340.38,3360.75,3353.82,3328.33,1595696.62,1.9,0.06,3387.82,3400.117,3400.673,1923597.3,1938594.94,1849579.61
2017-11-23,3425.01,3429.42,3351.92,3342.33,2152654.0,-78.54,-2.29,3393.638,3408.002,3403.823,2103374.28,1968301.78,1854923.36
2017-11-22,3417.33,3442.18,3430.46,3404.29,2135671.0,19.96,0.58,3403.104,3415.589,3406.605,1986212.15,1911686.8,1839174.98
2017-11-21,3382.36,3419.8,3410.5,3377.6,1968718.0,18.1,0.53,3397.516,3414.089,3404.927,1896662.1,1883556.18,1793957.04
2017-11-20,3361.36,3393.11,3392.4,3337.12,1765246.88,9.49,0.28,3401.326,3414.396,3403.815,1895863.85,1877256.13,1765469.89
2017-11-17,3392.68,3403.29,3382.91,3373.3,2494581.5,-16.34,-0.48,3412.414,3413.973,3403.23,1953592.58,1855367.9,1742630.69
2017-11-16,3393.19,3409.65,3399.25,3390.59,1566843.38,-3.27,-0.1,3422.366,3412.856,3403.017,1833229.28,1778624.54,1681488.04
2017-11-15,3416.21,3423.75,3402.52,3396.38,1687920.75,-27.03,-0.79,3428.074,3411.262,3401.563,1837161.45,1788804.46,1682384.13
2017-11-14,3446.55,3450.49,3429.55,3419.69,1964726.75,-18.29,-0.53,3430.662,3410.601,3400.527,1870450.25,1800578.51,1676602.48
2017-11-13,3435.18,3449.16,3447.84,3435.08,2053890.5,15.17,0.44,3427.466,3406.98,3397.651,1858648.4,1757604.04,1641057.01
2017-11-10,3423.18,3438.79,3432.67,3414.33,1892765.0,4.88,0.14,3415.532,3401.23,3394.183,1757143.22,1760564.28,1625527.79
2017-11-09,3410.67,3428.77,3427.79,3408.62,1586504.25,12.33,0.36,3403.346,3399.644,3392.075,1724019.8,1741544.95,1600866.93
2017-11-08,3409.15,3434.49,3415.46,3404.88,1854364.75,1.89,0.06,3394.45,3397.622,3389.991,1740447.47,1766663.15,1602446.4
2017-11-07,3389.47,3415.15,3413.57,3387.95,1905717.5,25.4,0.75,3390.54,3395.766,3388.631,1730706.77,1704357.9,1600466.51
2017-11-06,3369.69,3389.38,3388.17,3356.53,1546364.62,16.43,0.49,3386.494,3393.234,3387.103,1656559.67,1653683.66,1594892.56
2017-11-03,3377.74,3380.57,3371.74,3347.36,1727147.88,-11.57,-0.34,3386.928,3392.487,3386.413,1763985.33,1629893.49,1613442.36
2017-11-02,3391.65,3391.65,3383.31,3372.21,1668642.62,-12.6,-0.37,3395.942,3393.178,3385.273,1759070.1,1584351.55,1599516.18
2017-11-01,3393.97,3410.35,3395.91,3388.6,1805661.25,2.57,0.08,3400.794,3391.864,3383.09,1792878.83,1575963.79,1590806.2
2017-10-31,3381.0,3397.1,3393.34,3376.12,1534982.0,3.0,0.09,3400.992,3390.452,3380.558,1678009.03,1552626.45,1572066.61
2017-10-30,3413.87,3419.73,3390.34,3357.28,2083492.88,-26.47,-0.78,3399.974,3388.322,3378.069,1650807.65,1524509.98,1561631.81
2017-10-27,3404.5,3421.1,3416.81,3402.11,1702571.75,9.24,0.27,3398.046,3387.135,3375.63,1495801.65,1490491.31,1542267.81
2017-10-26,3397.52,3414.24,3407.57,3391.45,1837686.25,10.67,0.31,3390.414,3384.506,3372.416,1409633.0,1460188.9,1546756.23
2017-10-25,3384.86,3398.3,3396.9,3382.03,1231312.25,8.65,0.26,3382.934,3382.359,3369.928,1359048.75,1438229.65,1553596.27
2017-10-24,3376.6,3388.69,3388.25,3374.12,1398975.12,7.55,0.22,3379.912,3381.497,3368.383,1427243.88,1496575.13,1588128.99
2017-10-23,3382.28,3385.29,3380.7,3374.71,1308462.88,2.05,0.06,3376.67,3380.971,3366.813,1398212.3,1536101.45,1613745.08
2017-10-20,3363.51,3379.77,3378.65,3360.1,1271728.5,8.48,0.25,3376.224,3380.339,3365.921,1485180.98,1596991.23,1643481.77
2017-10-19,3374.64,3378.74,3370.17,3359.63,1584765.0,-11.62,-0.34,3378.598,3377.368,3364.669,1510744.8,1614680.81,1689778.26
2017-10-18,3373.53,3383.23,3381.79,3371.92,1572287.88,9.75,0.29,3381.784,3374.315,3364.732,1517410.55,1605648.61,1721193.24
2017-10-17,3373.23,3382.41,3372.04,3365.56,1253817.25,-6.43,-0.19,3383.082,3370.663,3364.85,1565906.37,1591506.78,1739854.21
2017-10-16,3393.21,3400.51,3378.47,3374.77,1743306.25,-12.05,-0.35,3385.272,3367.817,3365.223,1673990.6,1598753.65,1813618.51
2017-10-13,3384.49,3395.75,3390.52,3383.24,1399547.62,4.42,0.13,3384.454,3364.125,3365.12,1708801.47,1594044.31,1835958.71
2017-10-12,3385.53,3390.2,3386.1,3372.53,1618093.75,-2.18,-0.06,3376.138,3360.326,3363.856,1718616.83,1633323.56,1865183.92
2017-10-11,3381.49,3395.78,3388.28,3379.16,1814767.0,5.29,0.16,3366.846,3357.497,3362.826,1693886.68,1668962.89,1894838.57
2017-10-10,3373.34,3384.03,3382.99,3358.8,1794238.38,8.61,0.26,3358.244,3355.269,3362.682,1617107.18,1679682.85,1918645.61
2017-10-09,3403.25,3410.17,3374.38,3366.97,1917360.62,25.44,0.76,3350.362,3352.654,3362.748,1523516.7,1691388.7,1937210.16
2017-09-29,3340.31,3357.02,3348.94,3340.31,1448624.38,9.3,0.28,3343.796,3351.502,3363.008,1479287.15,1689972.31,1975056.06
2017-09-28,3343.84,3344.6,3339.64,3336.18,1494443.0,-5.63,-0.17,3344.514,3351.97,3363.917,1548030.3,1764875.7,2043873.63
2017-09-27,3340.82,3349.69,3345.27,3340.3,1430869.5,1.69,0.05,3348.148,3355.149,3364.975,1644039.1,1836737.88,2086361.36
2017-09-26,3336.35,3347.16,3343.58,3332.6,1326286.0,2.03,0.06,3352.294,3359.037,3365.893,1742258.52,1888201.64,2138249.54
2017-09-25,3344.59,3350.96,3341.55,3334.94,1696212.88,-10.98,-0.33,3354.946,3362.628,3366.976,1859260.7,2028483.36,2181687.5
2017-09-22,3347.16,3356.45,3352.53,3334.98,1792340.12,-5.28,-0.16,3359.208,3366.115,3368.031,1900657.47,2077873.1,2225607.58
2017-09-21,3364.7,3377.88,3357.81,3356.88,1974487.0,-8.19,-0.24,3359.426,3367.386,3366.981,1981721.1,2097044.28,2238910.32
2017-09-20,3352.18,3370.1,3366.0,3346.54,1921966.62,9.16,0.27,3362.15,3368.155,3362.666,2029436.65,2120714.25,2221920.44
2017-09-19,3365.53,3370.4,3356.84,3344.71,1911296.88,-6.02,-0.18,3365.78,3370.094,3358.75,2034144.75,2157608.36,2215738.21
2017-09-18,3352.51,3371.75,3362.86,3352.51,1903196.75,9.24,0.28,3370.31,3372.842,3355.42,2197706.02,2183031.63,2213442.36
2017-09-15,3365.15,3365.53,3353.62,3345.33,2197658.25,-17.81,-0.53,3373.022,3374.514,3351.623,2255088.72,2260139.8,2211343.77
2017-09-14,3383.47,3391.64,3371.43,3361.33,2213064.75,-12.72,-0.38,3375.346,3375.864,3347.378,2212367.45,2322871.55,2197022.1
2017-09-13,3374.72,3387.14,3384.15,3366.54,1945507.12,4.66,0.14,3374.16,3374.802,3342.227,2211991.85,2335984.85,2188180.14
2017-09-12,3381.49,3391.07,3379.49,3370.85,2729103.25,3.07,0.09,3374.408,3372.75,3335.343,2281071.98,2388297.44,2179330.81
2017-09-11,3365.35,3384.81,3376.42,3360.05,2190110.25,11.18,0.33,3375.374,3371.324,3328.931,2168357.23,2334891.64,2134024.65
2017-09-08,3364.43,3380.89,3365.24,3353.69,1984051.88,-0.26,-0.01,3376.006,3369.947,3321.978,2265190.88,2373342.06,2119692.53
2017-09-07,3383.63,3387.8,3365.5,3363.18,2211186.75,-19.89,-0.59,3376.382,3366.575,3314.143,2433375.65,2380776.36,2151971.44
2017-09-06,3372.43,3391.01,3385.39,3364.76,2290907.75,1.07,0.03,3375.444,3357.176,3308.956,2459977.85,2323126.63,2161754.41
2017-09-05,3377.2,3390.82,3384.32,3371.57,2165529.5,4.74,0.14,3371.092,3347.407,3303.465,2495522.9,2273868.06,2165007.98
2017-09-04,3369.72,3381.4,3379.58,3359.13,2674278.5,12.46,0.37,3367.274,3337.998,3298.342,2501426.05,2243853.1,2182753.26
2017-09-01,3365.99,3381.93,3367.12,3358.47,2824975.75,6.31,0.19,3363.888,3328.731,3293.336,2481493.25,2162547.74,2164626.03
2017-08-31,3361.46,3367.36,3360.81,3340.69,2344197.75,-2.82,-0.08,3356.768,3318.891,3288.084,2328177.08,2071172.65,2161330.41
2017-08-30,3361.82,3376.65,3363.63,3357.08,2468633.0,-1.6,-0.05,3338.908,3309.653,3283.69,2186275.4,2040375.43,2160759.03
2017-08-29,3362.06,3374.59,3365.23,3354.46,2195045.25,2.58,0.08,3323.722,3297.935,3279.762,2052213.23,1970364.18,2170692.69
2017-08-28,3336.13,3375.03,3362.65,3336.13,2574614.5,31.13,0.93,3308.722,3286.538,3276.132,1986280.15,1933157.65,2179537.73
2017-08-25,3271.46,3331.91,3331.52,3271.46,2058394.88,60.01,1.83,3293.574,3274.009,3271.651,1843602.23,1866043.0,2173826.73
2017-08-24,3287.96,3297.99,3271.51,3266.36,1634689.38,-16.19,-0.49,3281.014,3261.711,3267.737,1814168.23,1923166.51,2162020.42
2017-08-23,3283.8,3299.46,3287.7,3274.44,1798322.12,-2.53,-0.08,3280.398,3260.735,3266.65,1894475.45,2000382.2,2194528.93
2017-08-22,3287.61,3293.48,3290.23,3274.94,1865379.88,3.32,0.1,3272.148,3259.522,3264.649,1888515.13,2056147.89,2211383.82
2017-08-21,3274.58,3287.52,3286.91,3270.48,1861224.88,18.19,0.56,3264.354,3258.686,3262.322,1880035.15,2121653.43,2220901.76
2017-08-18,3253.24,3275.08,3268.72,3248.08,1911224.88,0.29,0.01,3254.444,3257.941,3260.506,1888483.78,2166704.31,2244368.72
2017-08-17,3253.85,3269.14,3268.43,3251.46,2036225.5,21.98,0.68,3242.408,3257.277,3258.969,2032164.8,2251488.17,2251809.1
2017-08-16,3247.85,3248.79,3246.45,3228.87,1768520.5,-4.81,-0.15,3241.072,3257.727,3257.791,2106288.95,2281142.63,2266052.03
2017-08-15,3235.23,3263.59,3251.26,3235.1,1822980.0,13.9,0.43,3246.896,3261.588,3257.018,2223780.65,2371021.2,2313836.36
2017-08-14,3206.04,3240.05,3237.36,3206.04,1903468.0,28.82,0.9,3253.018,3265.726,3253.833,2363271.7,2425917.8,2317998.89
2017-08-11,3237.92,3245.12,3208.54,3200.75,2629630.0,-53.21,-1.63,3261.438,3269.293,3250.788,2444924.85,2481610.45,2355928.13
2017-08-10,3269.73,3282.52,3261.75,3236.18,2406846.25,-13.82,-0.42,3272.146,3273.763,3251.482,2470811.55,2400874.33,2304510.02
2017-08-09,3277.81,3277.94,3275.57,3263.85,2355979.0,-6.3,-0.19,3274.382,3272.566,3249.303,2455996.3,2388675.65,2281819.51
2017-08-08,3277.19,3285.48,3281.87,3269.66,2520435.25,2.41,0.07,3276.28,3269.776,3245.401,2518261.75,2366619.75,2257471.0
2017-08-07,3257.67,3280.1,3279.46,3243.72,2311733.75,17.38,0.53,3278.434,3265.958,3241.46,2488563.9,2320150.1,2225367.87
2017-08-04,3269.32,3287.19,3262.08,3261.31,2759063.5,-10.85,-0.33,3277.148,3263.072,3238.118,2518296.05,2322033.13,2209245.19
2017-08-03,3279.99,3293.37,3272.93,3262.16,2332770.0,-12.13,-0.37,3275.38,3260.662,3235.912,2330937.1,2252130.03,2159649.72
2017-08-02,3288.52,3305.43,3285.06,3282.04,2667306.25,-7.58,-0.23,3270.75,3257.855,3232.888,2321355.0,2250961.42,2130915.86
2017-08-01,3274.37,3292.64,3292.64,3273.5,2371946.0,19.61,0.6,3263.272,3252.447,3228.991,2214977.75,2256651.53,2071698.79
2017-07-31,3252.75,3276.95,3273.03,3251.19,2460394.5,19.79,0.61,3253.482,3241.94,3223.499,2151736.3,2210079.99,2023658.97
2017-07-28,3240.17,3256.37,3253.24,3232.96,1822268.75,3.46,0.11,3248.996,3232.283,3219.643,2125770.2,2230245.81,1970792.11
2017-07-27,3243.77,3251.93,3249.78,3220.64,2284859.5,2.11,0.07,3245.944,3229.201,3216.603,2173322.95,2208145.71,1940410.94
2017-07-26,3244.46,3264.85,3247.67,3228.04,2135420.0,3.98,0.12,3244.96,3226.039,3213.516,2180567.85,2174963.37,1890545.7
2017-07-25,3249.14,3261.65,3243.69,3233.14,2055738.75,-6.91,-0.21,3241.622,3221.026,3209.793,2298325.3,2148322.25,1857033.06
2017-07-24,3230.9,3261.1,3250.6,3230.07,2330564.0,12.62,0.39,3230.398,3216.961,3207.169,2268423.67,2130585.64,1828346.72
2017-07-21,3236.59,3247.71,3237.98,3231.96,2060032.5,-6.88,-0.21,3215.57,3213.164,3203.911,2334721.42,2096457.25,1798608.13
2017-07-20,3227.51,3246.24,3244.86,3225.43,2321084.0,13.88,0.43,3212.458,3211.162,3199.905,2242968.47,2067169.41,1773028.33
2017-07-19,3181.4,3232.94,3230.98,3179.73,2724207.25,43.41,1.36,3207.118,3207.92,3195.035,2169358.9,2010870.3,1752646.13
2017-07-18,3159.73,3187.67,3187.57,3150.13,1906230.62,11.11,0.35,3200.43,3205.535,3191.296,1998319.2,1886746.06,1684779.9
2017-07-17,3219.79,3230.35,3176.46,3139.5,2662052.75,-45.96,-1.43,3203.524,3205.058,3188.918,1992747.6,1837237.96,1660064.27
2017-07-14,3212.03,3222.98,3222.42,3204.85,1601267.75,4.26,0.13,3210.758,3207.003,3187.313,1858193.07,1711338.4,1594407.51
2017-07-13,3192.36,3219.27,3218.16,3190.34,1953036.12,20.62,0.65,3209.866,3204.004,3182.351,1891370.35,1672676.16,1579170.5
2017-07-12,3201.93,3215.2,3197.54,3177.93,1869008.75,-5.5,-0.17,3208.722,3200.994,3178.068,1852381.7,1606128.02,1554995.82
2017-07-11,3201.52,3226.91,3203.04,3199.22,1878372.62,-9.59,-0.3,3210.64,3198.56,3174.724,1775172.92,1565743.87,1530718.91
2017-07-10,3208.46,3223.34,3212.63,3203.21,1989280.12,-5.33,-0.17,3206.592,3197.376,3172.259,1681728.32,1526107.81,1500959.41
2017-07-07,3203.82,3219.52,3217.96,3195.29,1767154.12,5.52,0.17,3203.248,3194.657,3168.621,1564483.72,1500759.01,1474860.12
2017-07-06,3203.86,3215.95,3212.44,3188.77,1758092.88,5.31,0.17,3198.142,3188.648,3165.643,1453981.98,1478887.25,1466570.58
2017-07-05,3179.22,3207.31,3207.13,3174.71,1482964.88,24.33,0.76,3193.266,3182.149,3162.538,1359874.35,1494421.96,1454804.77
2017-07-04,3192.89,3193.06,3182.8,3174.31,1411149.62,-13.11,-0.41,3186.48,3177.057,3159.197,1356314.82,1482813.74,1467271.03
2017-07-03,3192.0,3196.29,3195.91,3177.02,1403057.12,3.48,0.11,3188.16,3172.778,3155.164,1370487.3,1482890.57,1453433.53
2017-06-30,3176.95,3193.24,3192.43,3171.57,1214645.38,4.37,0.14,3186.066,3167.624,3149.952,1437034.3,1477476.62,1449565.82
2017-06-29,3174.98,3188.77,3188.06,3174.28,1287554.75,14.86,0.47,3179.154,3160.698,3145.607,1503792.52,1485664.85,1460086.02
2017-06-28,3183.63,3193.44,3173.2,3170.79,1465167.25,-18.0,-0.56,3171.032,3155.141,3141.335,1628969.57,1503863.62,1477216.14
2017-06-27,3183.42,3193.46,3191.2,3172.46,1482012.0,5.76,0.18,3167.634,3150.888,3138.534,1609312.65,1495693.94,1480432.99
2017-06-26,3157.0,3187.89,3185.44,3156.98,1735792.12,27.57,0.87,3157.396,3147.142,3134.477,1595293.85,1475811.01,1484294.14
2017-06-23,3138.44,3158.05,3157.87,3118.09,1548436.5,10.42,0.33,3149.182,3142.586,3130.597,1517918.95,1448961.22,1493200.45
2017-06-22,3152.24,3186.98,3147.45,3146.64,1913440.0,-8.76,-0.28,3142.242,3142.639,3125.907,1467537.17,1454253.91,1485685.3
2017-06-21,3148.99,3157.03,3156.21,3132.62,1366882.62,16.2,0.52,3139.25,3142.927,3121.632,1378757.67,1415187.57,1479168.6
2017-06-20,3148.02,3150.46,3140.01,3134.61,1411918.0,-4.36,-0.14,3134.142,3141.338,3117.606,1382075.22,1451728.32,1487666.33
2017-06-19,3122.16,3146.77,3144.37,3121.78,1348917.62,21.2,0.68,3136.888,3137.55,3115.137,1356328.17,1423976.49,1481888.04
2017-06-16,3126.37,3134.25,3123.17,3117.86,1296527.62,-9.32,-0.3,3135.99,3132.279,3112.425,1380003.5,1421655.02,1488752.18
2017-06-15,3125.59,3137.59,3132.49,3117.08,1469542.5,1.82,0.06,3143.036,3130.516,3111.489,1440970.65,1434507.19,1508262.88
2017-06-14,3146.75,3149.17,3130.67,3125.35,1383470.38,-23.07,-0.73,3146.604,3127.529,3110.512,1451617.48,1450568.66,1521673.54
2017-06-13,3134.01,3155.99,3153.74,3131.04,1283182.75,13.86,0.44,3148.534,3126.18,3108.49,1521381.42,1465172.05,1520330.38
2017-06-12,3149.53,3164.95,3139.88,3135.31,1467294.25,-18.52,-0.59,3138.212,3121.812,3104.979,1491624.8,1492777.26,1536013.29
2017-06-09,3147.45,3165.92,3158.4,3146.11,1601363.38,8.07,0.26,3128.568,3118.607,3101.06,1463306.55,1537439.68,1558319.53
2017-06-08,3136.47,3153.26,3150.33,3132.83,1522776.62,10.01,0.32,3117.996,3109.175,3095.779,1428043.72,1517116.69,1558648.59
2017-06-07,3101.76,3140.77,3140.32,3098.95,1732290.12,38.19,1.23,3108.454,3100.337,3092.289,1449519.85,1543149.63,1550043.09
2017-06-06,3084.54,3102.86,3102.13,3078.79,1134399.62,10.47,0.34,3103.826,3093.873,3089.204,1408962.67,1523604.34,1553692.04
2017-06-05,3102.11,3105.51,3091.66,3084.83,1325703.0,-13.88,-0.45,3105.412,3092.723,3089.249,1493929.73,1539799.6,1585078.88
2017-06-02,3094.23,3110.39,3105.54,3081.85,1425049.25,2.92,0.09,3108.646,3092.571,3091.035,1611572.8,1555849.34,1607777.47
2017-06-01,3108.42,3113.52,3102.62,3097.68,1630157.25,-14.56,-0.47,3100.354,3092.461,3092.525,1606189.65,1582018.58,1618406.97
2017-05-31,3125.33,3143.28,3117.18,3111.56,1529504.25,7.12,0.23,3092.22,3093.495,3094.58,1636779.4,1592778.41,1614010.59
2017-05-26,3101.29,3120.66,3110.06,3100.39,1559234.88,2.23,0.07,3083.92,3090.8,3096.453,1638246.0,1575488.71,1618980.33
2017-05-25,3055.34,3114.66,3107.83,3052.83,1913918.38,43.75,1.43,3080.034,3088.145,3098.56,1585669.48,1579249.33,1646915.12
2017-05-24,3047.57,3064.81,3064.08,3022.3,1398133.5,2.13,0.07,3076.496,3083.512,3100.211,1500125.88,1579199.39,1636158.26
2017-05-23,3069.39,3084.24,3061.95,3050.84,1783106.0,-13.73,-0.45,3084.568,3082.383,3103.736,1557847.5,1600180.49,1642960.74
2017-05-22,3087.17,3103.94,3075.68,3063.15,1536837.25,-14.95,-0.48,3094.77,3084.241,3107.114,1548777.42,1556936.56,1646944.16
2017-05-19,3086.71,3095.48,3090.63,3081.28,1296352.25,0.49,0.02,3097.68,3084.534,3111.988,1512731.42,1583779.74,1652483.16
2017-05-18,3082.33,3103.44,3090.14,3077.96,1486200.38,-14.3,-0.46,3096.256,3085.775,3116.062,1572829.17,1630358.15,1683102.54
2017-05-17,3107.8,3119.58,3104.44,3101.3,1686741.62,-8.52,-0.27,3090.528,3089.498,3120.089,1658272.9,1659705.6,1715411.56
2017-05-16,3082.87,3113.51,3112.96,3060.53,1737755.62,22.73,0.74,3080.198,3092.589,3124.703,1642513.47,1654795.36,1725405.16
2017-05-15,3085.93,3098.91,3090.23,3085.93,1356607.25,6.72,0.22,3073.712,3095.664,3130.163,1565095.7,1635242.76,1744885.98
2017-05-12,3054.11,3090.49,3083.51,3051.87,1596841.0,22.01,0.72,3071.388,3102.107,3137.955,1654828.05,1662471.94,1784309.89
2017-05-11,3036.79,3063.56,3061.5,3016.53,1913419.0,8.71,0.28,3075.294,3108.975,3147.578,1687887.13,1714580.91,1808141.28
2017-05-10,3078.17,3090.82,3052.79,3051.59,1607944.5,-27.74,-0.9,3088.468,3116.91,3158.194,1661138.3,1693117.13,1847161.23
2017-05-09,3064.85,3084.21,3080.53,3056.56,1350666.75,1.92,0.06,3104.98,3125.088,3170.003,1667077.25,1685740.99,1907404.63
2017-05-08,3090.07,3093.45,3078.61,3067.69,1805269.0,-24.43,-0.79,3117.616,3129.988,3179.446,1705389.83,1736951.75,1956218.6
2017-05-05,3114.77,3117.61,3103.04,3092.09,1762136.38,-24.33,-0.78,3132.826,3139.442,3189.847,1670115.83,1721186.59,1984009.63
2017-05-04,3127.11,3143.82,3127.37,3111.39,1779674.88,-7.98,-0.26,3142.656,3146.348,3198.745,1741274.7,1735846.94,2018546.81
2017-05-03,3138.31,3148.29,3135.35,3123.75,1637639.25,-8.36,-0.27,3145.352,3150.68,3205.892,1725095.95,1771117.52,2053723.16
2017-05-02,3147.23,3154.78,3143.71,3136.54,1542229.62,-10.95,-0.35,3145.196,3156.816,3210.25,1704404.72,1796014.95,2070062.66
2017-04-28,3144.02,3154.73,3154.66,3136.58,1628899.0,2.47,0.08,3142.36,3164.662,3213.576,1768513.67,1854529.19,2116518.92
2017-04-27,3131.35,3155.0,3152.19,3097.33,2117930.75,11.34,0.36,3146.058,3173.803,3217.909,1772257.35,1906147.84,2143126.76
2017-04-26,3132.92,3152.95,3140.85,3131.42,1698781.12,6.28,0.2,3150.04,3186.18,3222.946,1730419.18,1901701.64,2118085.22
2017-04-25,3123.89,3145.27,3134.57,3117.45,1534183.12,5.04,0.16,3156.008,3199.478,3229.252,1817139.1,2001205.33,2134072.51
2017-04-24,3164.25,3164.25,3129.53,3111.21,1862774.38,-43.62,-1.38,3168.436,3214.918,3235.996,1887625.18,2129068.26,2167252.31
2017-04-21,3170.29,3180.79,3173.15,3158.63,1647617.38,1.05,0.03,3186.964,3228.904,3241.947,1940544.7,2175485.45,2170628.17
2017-04-20,3165.67,3178.18,3172.1,3148.18,1908739.88,1.41,0.04,3201.548,3240.251,3245.55,2040038.33,2246832.66,2183113.12
2017-04-19,3184.67,3189.44,3170.69,3147.07,2132380.75,-26.02,-0.81,3222.32,3251.141,3250.026,2072984.1,2301246.67,2169035.78
2017-04-18,3215.4,3225.05,3196.71,3196.49,1886613.5,-25.46,-0.79,3242.948,3261.103,3254.032,2185271.55,2336328.8,2147690.96
2017-04-17,3229.95,3229.95,3222.17,3199.91,2127372.0,-23.9,-0.74,3261.4,3263.683,3256.069,2370511.35,2344110.38,2153651.89
2017-04-14,3276.14,3276.71,3246.07,3238.9,2145085.5,-29.89,-0.91,3270.844,3262.49,3258.408,2410426.2,2378508.65,2141991.29
2017-04-13,3265.22,3281.14,3275.96,3261.49,2073468.75,2.13,0.07,3278.954,3262.014,3258.192,2453627.0,2380105.67,2106764.86
2017-04-12,3283.84,3284.93,3273.83,3262.28,2693818.0,-15.14,-0.46,3279.962,3259.713,3256.361,2529509.25,2334468.81,2076564.44
2017-04-11,3266.22,3290.39,3288.97,3244.4,2812812.5,19.58,0.6,3279.258,3259.026,3254.52,2487386.05,2266939.69,2023710.42
2017-04-10,3285.46,3285.46,3269.39,3265.01,2326946.25,-17.23,-0.52,3265.966,3257.074,3250.71,2317709.4,2205436.36,1951406.16
2017-04-07,3280.62,3295.19,3286.62,3275.05,2361089.5,5.62,0.17,3254.136,3254.99,3248.078,2346591.1,2165770.89,1918744.41
2017-04-06,3272.19,3286.67,3281.0,3265.76,2452880.0,10.69,0.33,3245.074,3250.85,3245.779,2306584.35,2119393.59,1881055.63
2017-04-05,3235.66,3270.65,3270.31,3233.24,2483202.0,47.8,1.48,3239.464,3248.911,3243.85,2139428.37,2036824.89,1840443.74
2017-03-31,3206.25,3226.25,3222.51,3205.54,1964429.25,12.27,0.38,3238.794,3246.961,3242.028,2046493.32,1959053.11,1794329.73
2017-03-30,3235.14,3240.02,3210.24,3195.85,2471354.75,-31.07,-0.96,3248.182,3248.455,3241.818,2093163.32,1963193.41,1774649.44
2017-03-29,3252.87,3262.1,3241.31,3233.28,2161055.75,-11.64,-0.36,3255.844,3254.325,3242.808,1984950.67,1905473.94,1741689.24
2017-03-28,3265.63,3265.63,3252.95,3246.09,1617100.12,-14.01,-0.43,3256.626,3254.37,3243.089,1932202.82,1833424.05,1728975.23
2017-03-27,3268.92,3283.24,3266.96,3262.12,2018526.75,-2.49,-0.08,3258.358,3253.008,3242.528,1934221.4,1818660.06,1723742.38
2017-03-24,3247.35,3275.21,3269.45,3241.12,2197779.25,20.9,0.64,3255.128,3250.014,3240.613,1871612.9,1780481.15,1714106.58
2017-03-23,3245.81,3262.09,3248.55,3221.93,1930291.5,3.33,0.1,3248.728,3244.345,3239.812,1833223.5,1697375.96,1697420.8
2017-03-22,3246.22,3255.78,3245.22,3229.13,1897316.5,-16.39,-0.5,3252.806,3241.165,3239.953,1825997.2,1671717.93,1705496.12
2017-03-21,3250.25,3262.22,3261.61,3246.7,1627193.0,10.8,0.33,3252.114,3240.709,3240.753,1734645.28,1642717.66,1714357.19
2017-03-20,3241.11,3251.13,3250.81,3228.12,1705484.25,13.36,0.41,3247.658,3238.789,3240.339,1703098.73,1644062.6,1738834.07
2017-03-17,3271.87,3274.19,3237.45,3232.28,2005832.25,-31.49,-0.96,3244.9,3237.095,3239.797,1689349.4,1629606.34,1769635.91
2017-03-16,3247.16,3269.77,3268.94,3247.16,1894160.0,27.18,0.84,3239.962,3235.181,3238.028,1561528.43,1586105.48,1782458.39
2017-03-15,3235.4,3243.71,3241.76,3227.74,1440556.88,2.43,0.07,3229.524,3231.29,3236.062,1517438.65,1577904.55,1796228.36
2017-03-14,3235.25,3246.33,3239.33,3231.52,1469460.25,2.31,0.07,3229.304,3231.807,3234.624,1550790.05,1624526.41,1844954.37
2017-03-13,3209.45,3237.12,3237.02,3193.16,1636737.62,24.26,0.76,3229.92,3232.047,3233.554,1585026.48,1628824.7,1865880.4
2017-03-10,3213.73,3222.32,3212.76,3208.45,1366727.38,-3.99,-0.12,3229.29,3231.211,3232.545,1569863.28,1647732.01,1894139.27
2017-03-09,3233.7,3233.87,3216.75,3205.28,1673711.12,-23.91,-0.74,3230.4,3235.278,3231.742,1610682.52,1697465.64,1945477.36
2017-03-08,3240.53,3245.3,3240.66,3230.61,1607313.88,-1.75,-0.05,3233.056,3238.741,3230.063,1638370.45,1739274.32,1957611.97
2017-03-07,3233.09,3242.66,3242.41,3226.82,1640642.38,8.54,0.26,3234.31,3240.797,3226.379,1698262.77,1785996.71,1949706.37
2017-03-06,3217.33,3234.66,3233.87,3215.07,1560921.62,15.56,0.48,3234.174,3241.889,3221.913,1672622.92,1833605.55,1931842.97
2017-03-03,3219.2,3221.16,3218.31,3206.61,1570823.62,-11.72,-0.36,3233.132,3242.498,3218.069,1725600.75,1909665.49,1917396.03
2017-03-02,3250.52,3256.81,3230.03,3228.66,1812150.75,-16.9,-0.52,3240.156,3240.875,3214.162,1784248.75,1978811.3,1884967.22
2017-03-01,3240.07,3259.98,3246.93,3237.87,1906775.5,5.2,0.16,3244.426,3240.834,3210.619,1840178.2,2014552.17,1851298.07
2017-02-28,3225.97,3242.68,3241.73,3225.97,1512443.12,13.07,0.41,3247.284,3237.44,3205.75,1873730.65,2065382.32,1811996.21
2017-02-27,3249.19,3251.65,3228.66,3224.09,1825810.75,-24.77,-0.76,3249.604,3235.06,3200.791,1994588.17,2102936.1,1799360.99
2017-02-24,3246.86,3253.96,3253.43,3233.53,1864063.62,2.05,0.06,3251.864,3233.878,3196.196,2093730.22,2140546.53,1774400.65
2017-02-23,3258.83,3264.08,3251.38,3236.35,2091798.0,-9.84,-0.3,3241.594,3228.205,3189.682,2173373.85,2193489.09,1742380.85
2017-02-22,3252.69,3261.38,3261.22,3243.84,2074537.75,7.89,0.24,3237.242,3221.385,3182.178,2188926.15,2175949.61,1699716.66
2017-02-21,3242.22,3254.34,3253.33,3239.88,2116730.75,13.37,0.41,3227.596,3211.961,3174.767,2257034.0,2113416.03,1661879.84
2017-02-20,3198.96,3241.46,3239.96,3198.96,2321521.0,37.88,1.18,3220.516,3201.937,3167.539,2211284.03,2030080.39,1624122.23
2017-02-17,3227.71,3238.4,3202.08,3199.42,2262281.75,-27.54,-0.85,3215.892,3193.639,3160.713,2187362.83,1925126.58,1636989.18
2017-02-16,3210.36,3230.28,3229.62,3207.79,2169559.5,16.63,0.52,3214.816,3187.448,3156.247,2213604.33,1791123.14,1602012.2
2017-02-15,3215.46,3236.0,3212.99,3206.56,2415077.0,-4.94,-0.15,3205.528,3180.403,3150.73,2162973.08,1688043.97,1567978.85
2017-02-14,3216.14,3219.4,3217.93,3205.29,1887980.88,1.09,0.03,3196.326,3174.059,3146.918,1969798.05,1558610.09,1536406.11
2017-02-13,3198.99,3219.41,3216.84,3198.99,2201915.0,20.14,0.63,3183.358,3166.521,3144.105,1848876.75,1495785.88,1531886.67
2017-02-10,3183.01,3205.05,3196.7,3182.8,2393489.25,13.52,0.42,3171.386,3158.514,3141.825,1662890.33,1408254.77,1507647.96
2017-02-09,3164.69,3186.84,3183.18,3162.57,1916403.25,16.2,0.51,3160.08,3151.158,3139.706,1368641.95,1291272.61,1479827.98
2017-02-08,3148.09,3167.45,3166.98,3132.03,1449201.88,13.89,0.44,3155.278,3142.97,3138.817,1213114.85,1223483.71,1471371.64
2017-02-07,3154.4,3159.54,3153.09,3140.04,1283374.38,-3.89,-0.12,3151.792,3137.573,3138.408,1147422.13,1210343.65,1482841.97
2017-02-06,3143.09,3158.84,3156.98,3135.39,1271982.88,16.81,0.54,3149.684,3133.141,3137.55,1142695.0,1218164.08,1489456.84
2017-02-03,3160.08,3162.68,3140.17,3136.01,922247.38,-19.0,-0.6,3145.642,3127.786,3134.882,1153619.2,1348851.79,1492491.26
2017-01-26,3149.22,3163.1,3159.17,3148.91,1138767.75,9.62,0.3,3142.236,3125.045,3132.679,1213903.28,1412901.26,1512690.54
2017-01-25,3137.65,3151.47,3149.55,3133.19,1120738.25,7.0,0.22,3130.662,3121.057,3129.832,1233852.58,1447913.73,1523615.69
2017-01-24,3134.59,3149.53,3142.55,3131.22,1259738.75,5.78,0.18,3123.354,3119.777,3128.088,1273265.18,1514202.13,1538343.25
2017-01-23,3125.42,3145.84,3136.77,3125.42,1326603.88,13.63,0.44,3116.598,3121.689,3127.089,1293633.15,1567987.46,1551642.25
2017-01-20,3095.82,3125.66,3123.14,3095.21,1223667.75,21.84,0.7,3109.93,3125.136,3125.758,1544084.37,1607041.15,1568400.44
2017-01-19,3104.97,3115.78,3101.3,3094.01,1238514.25,-11.71,-0.38,3107.854,3128.254,3126.579,1611899.25,1668383.34,1591119.55
2017-01-18,3104.77,3123.72,3113.01,3098.59,1317801.25,4.24,0.14,3111.452,3134.665,3128.385,1661974.87,1719259.56,1622547.14
2017-01-17,3087.03,3108.91,3108.77,3072.34,1361578.62,5.34,0.17,3116.2,3139.243,3127.879,1755139.07,1755340.29,1635370.46
2017-01-16,3104.49,3105.14,3103.43,3044.29,2578860.0,-9.33,-0.3,3126.78,3141.958,3128.345,1842341.77,1760749.61,1644376.39
2017-01-13,3116.08,3130.51,3112.76,3102.16,1562742.12,-6.53,-0.21,3140.342,3141.979,3129.322,1669997.92,1636130.74,1597927.74
2017-01-12,3133.6,3144.97,3119.29,3115.98,1488892.38,-17.46,-0.56,3148.654,3140.313,3129.568,1724867.42,1612479.81,1614785.94
2017-01-11,3156.69,3167.03,3136.75,3136.27,1783622.25,-24.92,-0.79,3157.878,3138.608,3130.63,1776544.25,1599317.66,1641020.77
2017-01-10,3167.57,3174.58,3161.67,3157.33,1797592.12,-9.57,-0.3,3162.286,3136.399,3131.545,1755541.5,1562484.38,1644421.91
2017-01-09,3148.53,3173.14,3171.24,3147.74,1717140.75,16.92,0.54,3157.136,3132.489,3131.109,1679157.45,1535297.04,1691896.53
2017-01-06,3163.78,3172.03,3154.32,3153.03,1837089.62,-11.09,-0.35,3143.616,3126.38,3134.192,1602263.55,1529759.74,1708051.46
2017-01-05,3157.91,3168.5,3165.41,3154.28,1747276.5,6.62,0.21,3131.972,3124.904,3137.244,1500092.2,1513855.77,1701552.07
2017-01-04,3133.79,3160.1,3158.79,3130.11,1678608.5,22.87,0.73,3119.338,3122.106,3140.086,1422091.08,1525834.73,1698724.67
2017-01-03,3105.31,3136.46,3135.92,3105.31,1415671.88,32.28,1.04,3110.512,3116.515,3142.129,1369427.25,1515400.64,1693580.59
2016-12-30,3097.35,3108.84,3103.64,3089.99,1332671.25,7.54,0.24,3107.842,3114.731,3145.568,1391436.63,1528003.16,1734302.19
2016-12-29,3095.84,3111.8,3096.1,3087.34,1326232.88,-6.14,-0.2,3109.144,3116.665,3152.578,1457255.93,1559724.74,1797452.23
2016-12-28,3113.77,3118.78,3102.24,3094.55,1357270.88,-12.42,-0.4,3117.836,3118.823,3161.439,1527619.33,1617092.08,1850020.53
2016-12-27,3117.39,3127.88,3114.66,3113.75,1415289.38,-7.91,-0.25,3124.874,3122.652,3168.828,1629578.38,1682723.88,1903945.01
2016-12-26,3095.58,3122.88,3122.57,3068.42,1525718.75,12.42,0.4,3122.518,3126.69,3177.241,1661374.02,1726359.44,1993598.68
2016-12-23,3134.93,3138.4,3110.15,3103.75,1661767.75,-29.41,-0.94,3121.62,3129.73,3184.963,1664569.7,1848496.01,2058088.36
2016-12-22,3132.16,3143.17,3139.56,3126.89,1678049.88,2.13,0.07,3124.186,3142.003,3192.552,1662193.55,1886343.19,2091960.78
2016-12-21,3107.24,3140.25,3137.43,3107.24,1867066.12,34.55,1.11,3119.81,3149.584,3197.661,1706564.82,1889248.37,2124220.54
2016-12-20,3115.9,3117.01,3102.88,3084.8,1574267.62,-15.2,-0.49,3120.43,3158.065,3202.847,1735869.37,1871614.61,2155847.04
2016-12-19,3120.7,3125.28,3118.08,3110.08,1541697.12,-4.9,-0.16,3130.862,3167.742,3210.12,1791344.85,1871760.54,2207949.43
2016-12-16,3111.51,3128.87,3122.98,3106.35,1649887.0,5.3,0.17,3137.84,3176.405,3215.123,2032422.33,1940601.23,2246191.0
2016-12-15,3125.76,3138.78,3117.68,3100.91,1899906.25,-22.85,-0.73,3159.82,3188.491,3218.618,2110492.83,2035179.73,2268609.98
2016-12-14,3149.38,3170.02,3140.53,3136.35,2013588.88,-14.51,-0.46,3179.358,3204.054,3223.156,2071931.93,2082948.98,2280717.79
2016-12-13,3138.99,3162.5,3155.04,3118.71,1851645.0,2.07,0.07,3195.7,3215.004,3226.382,2007359.85,2125166.14,2290921.84
2016-12-12,3233.67,3245.09,3152.97,3149.9,2747084.5,-79.91,-2.47,3204.622,3227.792,3228.98,1952176.23,2260837.91,2318782.77
2016-12-09,3209.34,3244.8,3232.88,3207.04,2040239.5,17.51,0.55,3214.97,3240.195,3231.85,1848780.13,2267680.71,2346232.71
2016-12-08,3225.55,3228.12,3215.37,3211.47,1707101.75,-6.87,-0.21,3217.162,3243.101,3230.008,1959866.63,2297578.36,2399648.02
2016-12-07,3198.47,3222.43,3222.24,3189.49,1690728.5,22.59,0.71,3228.75,3245.738,3227.803,2093966.03,2359192.71,2436389.23
2016-12-06,3202.03,3215.31,3199.65,3196.52,1575726.88,-5.06,-0.16,3234.308,3247.628,3223.11,2242972.43,2440079.46,2472410.28
2016-12-05,3203.78,3219.52,3204.71,3194.88,2230104.0,-39.13,-1.21,3250.962,3252.498,3220.522,2569499.6,2544138.33,2489047.42
2016-12-02,3270.12,3279.71,3243.84,3235.28,2595672.0,-29.47,-0.9,3265.42,3253.842,3216.953,2686581.3,2551780.78,2467251.47
2016-12-01,3257.03,3279.67,3273.31,3256.26,2377598.75,23.28,0.72,3269.04,3248.744,3211.027,2635290.1,2502040.23,2436309.47
2016-11-30,3272.14,3277.27,3250.03,3239.52,2435760.5,-32.89,-1.0,3262.726,3242.258,3203.809,2624419.4,2478486.6,2428922.66
2016-11-29,3269.23,3301.21,3282.92,3263.4,3208362.75,5.92,0.18,3260.948,3237.761,3196.444,2637186.5,2456677.55,2398495.66
2016-11-28,3270.05,3288.34,3277.0,3267.67,2815512.5,15.06,0.46,3254.034,3230.168,3188.42,2518777.05,2376727.63,2318193.54
2016-11-25,3241.24,3262.44,3261.94,3209.6,2339216.0,20.2,0.62,3242.264,3223.505,3179.594,2416980.25,2424784.7,2253171.3
2016-11-24,3237.43,3257.86,3241.74,3232.87,2323245.25,0.6,0.02,3228.448,3216.915,3171.711,2368790.35,2501717.67,2227097.56
2016-11-23,3247.94,3262.88,3241.14,3231.59,2499596.0,-7.21,-0.22,3221.79,3209.869,3165.241,2332553.8,2513585.75,2189939.69
2016-11-22,3220.98,3249.68,3248.35,3220.98,2616315.5,30.2,0.94,3214.574,3198.592,3159.0,2276168.6,2504741.1,2160791.53
2016-11-21,3188.5,3229.76,3218.15,3188.28,2306528.5,25.29,0.79,3206.302,3188.546,3153.179,2234678.2,2433956.53,2131666.2
2016-11-18,3207.19,3212.39,3192.86,3187.5,2098266.5,-15.59,-0.49,3204.746,3180.064,3148.684,2432589.15,2382722.16,2136600.95
2016-11-17,3198.5,3211.05,3208.45,3187.21,2142062.5,3.39,0.11,3205.382,3173.31,3143.588,2634645.0,2370578.71,2125381.66
2016-11-16,3208.5,3210.89,3205.06,3195.41,2217670.0,-1.93,-0.06,3197.948,3165.359,3137.389,2694617.7,2379358.71,2098624.22
2016-11-15,3209.95,3214.29,3206.99,3195.04,2408863.5,-3.38,-0.1,3182.61,3155.126,3131.371,2733313.6,2340313.78,2078975.79
2016-11-14,3187.71,3221.46,3210.37,3186.8,3296083.25,14.33,0.45,3170.79,3146.671,3125.216,2633234.85,2259659.46,2049553.84
2016-11-11,3169.4,3202.74,3196.04,3166.07,3108545.75,24.76,0.78,3155.382,3135.683,3116.756,2332855.18,2081557.9,1966616.31
2016-11-10,3148.54,3172.31,3171.28,3148.54,2441926.0,42.91,1.37,3141.238,3126.506,3110.144,2106512.43,1952477.45,1888875.87
2016-11-09,3146.08,3146.95,3128.37,3096.95,2411149.5,-19.52,-0.62,3132.77,3120.613,3104.648,2064099.73,1866293.64,1844157.94
2016-11-08,3140.94,3156.88,3147.89,3134.95,1908469.75,14.56,0.47,3127.642,3119.407,3101.154,1947313.95,1816841.95,1794847.25
2016-11-07,3124.89,3139.2,3133.33,3117.1,1794184.88,8.01,0.26,3122.552,3117.812,3097.022,1886084.08,1829375.88,1783060.51
2016-11-04,3126.35,3141.33,3125.32,3119.54,1976832.0,-3.62,-0.12,3115.984,3117.304,3092.763,1830260.62,1890479.74,1773376.82
2016-11-03,3096.77,3140.93,3128.94,3094.1,2229862.5,26.21,0.84,3111.774,3113.866,3086.732,1798442.47,1880184.61,1725202.0
2016-11-02,3115.73,3118.98,3102.73,3099.82,1827220.62,-19.71,-0.63,3108.456,3109.418,3080.209,1668487.55,1817889.72,1670315.84
2016-11-01,3101.66,3122.61,3122.44,3097.04,1602320.38,21.95,0.71,3111.172,3107.617,3074.465,1686369.95,1817637.8,1631267.66
2016-10-31,3097.19,3102.3,3100.49,3081.07,1515067.62,-3.78,-0.12,3113.072,3103.761,3068.252,1772667.67,1839448.22,1612002.36
2016-10-28,3111.7,3128.64,3104.27,3101.24,1817741.25,-8.08,-0.26,3118.624,3097.829,3062.249,1950698.85,1851674.72,1608414.12
2016-10-27,3112.6,3114.76,3112.35,3100.39,1580087.88,-3.96,-0.13,3115.958,3093.783,3058.731,1961926.75,1825274.3,1580322.55
2016-10-26,3129.84,3129.84,3116.31,3110.39,1916632.62,-15.63,-0.5,3110.38,3088.683,3055.229,1967291.9,1822022.24,1570972.93
2016-10-25,3127.97,3132.5,3131.94,3121.05,2033809.0,3.69,0.12,3104.062,3082.902,3050.707,1948905.65,1772852.55,1533001.91
2016-10-24,3092.05,3137.03,3128.25,3090.79,2405223.5,37.31,1.21,3094.45,3076.233,3045.26,1906228.77,1736745.15,1490773.51
2016-10-21,3081.39,3101.85,3090.94,3069.27,1873880.75,6.48,0.21,3077.034,3068.222,3040.15,1752650.6,1656273.9,1430124.85
2016-10-20,3084.91,3089.68,3084.46,3076.29,1606913.62,-0.26,-0.01,3071.608,3059.598,3035.745,1688621.85,1570219.39,1403137.51
2016-10-19,3085.75,3096.22,3084.72,3076.77,1824701.38,0.84,0.03,3066.986,3051.0,3032.698,1676752.57,1522741.95,1390485.62
2016-10-18,3037.4,3084.19,3083.88,3037.4,1820424.62,42.71,1.4,3061.742,3041.314,3029.561,1596799.45,1444897.51,1402256.59
2016-10-17,3064.69,3068.81,3041.17,3033.75,1637332.62,-22.64,-0.74,3058.016,3032.743,3029.309,1567261.52,1384556.5,1391581.82
2016-10-14,3056.99,3064.79,3063.81,3043.18,1553737.0,2.46,0.08,3059.41,3026.669,3032.048,1559897.2,1365153.53,1382657.08
2016-10-13,3057.97,3065.0,3061.35,3052.64,1547567.25,2.85,0.09,3047.588,3023.678,3033.454,1451816.92,1335370.8,1398448.61
2016-10-12,3057.32,3060.51,3058.5,3048.89,1424935.75,-6.75,-0.22,3035.014,3021.774,3034.922,1368731.32,1319923.63,1407524.51
2016-10-11,3051.62,3066.1,3065.25,3048.02,1672735.0,17.11,0.56,3020.886,3018.511,3035.602,1292995.57,1293151.26,1408759.38
2016-10-10,3020.46,3048.24,3048.14,3014.62,1600511.0,43.44,1.45,3007.47,3014.286,3035.707,1201851.47,1244801.87,1400346.09
2016-09-30,2994.25,3009.2,3004.7,2993.06,1013335.62,6.22,0.21,2993.928,3012.077,3036.466,1170409.85,1203975.8,1397916.09
2016-09-29,2992.17,3009.2,2998.48,2991.91,1132139.25,10.62,0.35,2999.768,3011.892,3040.505,1218924.68,1236055.64,1417933.61
2016-09-28,3000.7,3000.7,2987.86,2984.32,1046257.0,-10.31,-0.34,3008.534,3014.395,3044.315,1271115.93,1258229.29,1431544.06
2016-09-27,2974.59,2998.23,2998.17,2969.13,1217014.5,17.74,0.59,3016.136,3017.807,3048.423,1293306.95,1359615.68,1451481.21
2016-09-26,3028.24,3028.24,2980.43,2980.12,1443302.88,-53.47,-1.76,3021.102,3025.875,3052.03,1287752.27,1398607.15,1465462.44
2016-09-23,3044.79,3046.8,3033.9,3032.8,1255909.75,-8.41,-0.28,3030.226,3037.427,3056.425,1237541.75,1400160.64,1480313.78
2016-09-22,3038.42,3054.44,3042.31,3035.07,1393095.5,16.44,0.54,3024.016,3043.23,3059.024,1253186.6,1461526.42,1490372.01
2016-09-21,3021.58,3032.45,3025.87,3017.54,1157212.12,2.87,0.1,3020.256,3048.07,3061.394,1245342.65,1495125.4,1501401.72
2016-09-20,3027.17,3027.82,3023.0,3015.88,1189241.12,-3.05,-0.1,3019.478,3052.693,3064.341,1425924.4,1524367.5,1536235.07
2016-09-19,3005.32,3026.65,3026.05,3005.32,1192250.25,23.2,0.77,3030.648,3057.128,3068.596,1509462.03,1555890.31,1573946.74
2016-09-14,3008.9,3017.94,3002.85,2995.42,1334134.0,-20.66,-0.68,3044.628,3060.854,3072.499,1562779.53,1591856.38,1629013.77
2016-09-13,3025.03,3029.72,3023.51,3008.74,1353875.75,1.53,0.05,3062.444,3069.118,3077.835,1669866.25,1599811.59,1669226.88
2016-09-12,3037.51,3040.95,3021.98,2999.93,2060120.88,-56.87,-1.85,3075.884,3074.235,3082.161,1744908.15,1604858.82,1740697.56
2016-09-09,3095.43,3101.79,3078.85,3078.22,1606929.25,-17.1,-0.55,3085.908,3079.04,3087.322,1622810.6,1543346.75,1786499.76
2016-09-08,3089.95,3096.78,3095.95,3083.9,1458837.75,4.02,0.13,3083.608,3078.186,3085.913,1602318.6,1532317.72,1790240.13
2016-09-07,3091.33,3105.68,3091.93,3087.88,1869567.62,1.22,0.04,3077.08,3075.424,3081.247,1620933.22,1560466.92,1798237.98
2016-09-06,3071.06,3095.51,3090.71,3053.19,1729085.25,18.61,0.61,3075.792,3074.819,3077.589,1529756.92,1519217.6,1787097.18
2016-09-05,3070.71,3085.49,3072.1,3065.33,1449633.12,4.75,0.15,3072.586,3074.719,3074.337,1464809.5,1507678.04,1785640.64
2016-09-02,3057.49,3072.53,3067.35,3050.49,1504469.25,4.04,0.13,3072.172,3075.99,3070.946,1463882.9,1548102.65,1791023.91
2016-09-01,3083.96,3088.7,3063.31,3062.88,1551910.88,-22.18,-0.72,3072.764,3080.065,3066.413,1462316.85,1592003.17,1786728.99
2016-08-31,3072.92,3087.7,3085.49,3063.4,1413686.12,10.81,0.35,3073.768,3084.145,3062.37,1500000.62,1666171.16,1776100.1
2016-08-30,3071.44,3082.99,3074.68,3065.97,1404348.12,4.65,0.15,3073.846,3086.551,3057.018,1508678.27,1738642.17,1775986.46
2016-08-29,3068.46,3074.94,3070.03,3058.79,1445000.12,-0.28,-0.01,3076.852,3090.087,3051.848,1550546.57,1876536.29,1763503.51
2016-08-26,3069.85,3087.65,3070.31,3063.89,1496639.0,1.98,0.07,3079.808,3095.604,3046.016,1632322.4,2029652.78,1764957.38
2016-08-25,3073.44,3073.44,3068.33,3041.51,1740329.75,-17.55,-0.57,3087.366,3093.64,3041.467,1721689.5,2048162.54,1765176.2
2016-08-24,3092.02,3097.15,3085.88,3079.55,1457074.38,-3.83,-0.12,3094.522,3087.071,3037.767,1832341.7,2036009.04,1773442.19
2016-08-23,3081.57,3101.11,3089.71,3073.53,1613689.62,4.9,0.16,3099.256,3080.358,3033.073,1968606.07,2054976.76,1840668.93
2016-08-22,3107.38,3112.74,3084.81,3083.59,1853879.25,-23.29,-0.75,3103.322,3073.955,3031.096,2202526.0,2063603.25,1838331.7
2016-08-19,3100.39,3113.34,3108.1,3082.77,1943474.5,3.99,0.13,3111.4,3065.902,3027.647,2426983.15,2033945.16,1817741.03
2016-08-18,3107.75,3125.58,3104.11,3093.32,2293590.75,-5.44,-0.17,3099.914,3052.762,3022.883,2374635.57,1981454.81,1801572.39
2016-08-17,3106.99,3114.25,3109.55,3090.28,2138396.25,-0.49,-0.02,3079.62,3040.594,3019.628,2239676.37,1886029.04,1768776.54
2016-08-16,3130.53,3140.44,3110.04,3102.07,2783289.25,-15.16,-0.48,3061.46,3027.485,3015.546,2141347.45,1813330.75,1730978.14
2016-08-15,3056.48,3137.48,3125.2,3053.87,2976165.0,74.53,2.44,3044.588,3013.609,3011.874,1924680.5,1650470.73,1669494.41
2016-08-12,3000.27,3051.05,3050.67,2999.04,1681736.62,48.03,1.6,3020.404,2996.428,3007.792,1640907.17,1500261.99,1609434.44
2016-08-11,3013.68,3038.05,3002.64,3001.17,1618794.75,-16.11,-0.53,3005.61,2989.295,3007.973,1588274.05,1482189.86,1611780.81
2016-08-10,3023.47,3033.2,3018.75,3017.09,1646751.62,-6.93,-0.23,3001.568,2988.463,3010.542,1532381.7,1510875.34,1620938.47
2016-08-09,3001.31,3025.91,3025.68,2998.68,1699954.5,21.4,0.71,2993.51,2985.788,3012.639,1485314.05,1626361.1,1665430.58
2016-08-08,2972.62,3004.72,3004.28,2959.05,1557298.38,27.58,0.93,2982.63,2988.237,3013.824,1376260.95,1613060.15,1710176.0
2016-08-05,2978.78,2991.68,2976.7,2971.56,1418571.0,-5.73,-0.19,2972.452,2989.392,3013.356,1359616.8,1601536.9,1744480.19
2016-08-04,2976.41,2982.86,2982.43,2958.93,1339333.0,3.97,0.13,2972.98,2993.004,3013.926,1376105.68,1621689.98,1758045.07
2016-08-03,2963.21,2981.16,2978.46,2956.79,1411413.38,7.18,0.24,2975.358,2998.662,3015.647,1489368.98,1651524.05,1802419.26
2016-08-02,2950.08,2971.28,2971.28,2946.64,1154689.0,17.89,0.61,2978.066,3003.606,3017.588,1767408.15,1648625.53,1838034.06
2016-08-01,2971.95,2972.88,2953.39,2931.96,1474077.62,-25.95,-0.87,2993.844,3010.138,3019.344,1849859.35,1688518.09,1897901.83
2016-07-29,2992.54,3000.05,2979.34,2972.92,1501015.38,-14.98,-0.5,3006.332,3019.155,3021.104,1843457.0,1718606.89,1935206.51
2016-07-28,2980.5,3003.36,2994.32,2968.18,1905649.5,2.32,0.08,3013.028,3026.651,3018.761,1867274.28,1741371.75,1930778.86
2016-07-27,3050.37,3057.42,2992.0,2939.23,2801609.25,-58.17,-1.91,3021.966,3032.621,3015.525,1813679.13,1731001.6,1912728.84
2016-07-26,3014.04,3050.61,3050.17,3013.8,1566945.0,34.34,1.14,3029.146,3039.49,3012.505,1529842.9,1704500.05,1869256.17
2016-07-25,3008.09,3027.12,3015.83,3003.29,1442065.88,3.01,0.1,3026.432,3039.411,3005.624,1527176.82,1807291.85,1877844.45
2016-07-22,3038.12,3039.27,3012.82,3007.46,1620101.75,-26.19,-0.86,3031.978,3037.32,2999.618,1593756.77,1887423.49,1884089.89
2016-07-21,3027.6,3053.33,3039.01,3027.37,1637673.75,11.11,0.37,3040.274,3034.847,2991.692,1615469.22,1894400.17,1898506.11
2016-07-20,3034.71,3043.0,3027.9,3022.63,1382428.12,-8.7,-0.29,3043.276,3032.631,2984.339,1648324.07,1953314.47,1884691.11
2016-07-19,3040.23,3043.6,3036.6,3014.29,1553614.62,-6.96,-0.23,3049.834,3031.57,2978.222,1879157.2,2027442.59,1880864.92
2016-07-18,3047.64,3058.32,3043.56,3031.64,1774965.62,-10.74,-0.35,3052.39,3028.549,2970.32,2087406.87,2107285.57,1885363.73
2016-07-15,3056.68,3062.68,3054.3,3044.54,1728664.0,0.28,0.01,3042.662,3023.053,2962.582,2181090.2,2151806.14,1864900.98
2016-07-14,3054.97,3057.05,3054.02,3036.52,1801948.0,-6.67,-0.22,3029.42,3010.871,2954.123,2173331.12,2120185.96,1864204.03
2016-07-13,3049.51,3069.05,3060.69,3048.2,2536593.75,11.31,0.37,3021.986,2998.43,2945.062,2258304.87,2094456.09,1861048.01
2016-07-12,2992.52,3049.68,3049.38,2984.42,2594863.0,54.46,1.82,3013.306,2985.52,2936.389,2175727.97,2034012.3,1817553.86
2016-07-11,2993.75,3022.94,2994.92,2990.91,2243382.25,6.83,0.23,3004.708,2971.838,2926.029,2127164.27,1948397.05,1747688.35
2016-07-08,3000.33,3001.55,2988.09,2983.88,1689868.62,-28.76,-0.95,3003.444,2961.916,2917.937,2122522.07,1880756.3,1720146.96
2016-07-07,3009.35,3024.11,3016.85,2994.64,2226816.75,-0.44,-0.01,2992.322,2948.536,2914.89,2067040.8,1902612.05,1707176.56
2016-07-06,2998.52,3017.65,3017.29,2984.83,2123709.25,10.9,0.36,2974.874,2936.047,2910.85,1930607.3,1816067.75,1662329.66
2016-07-05,2991.75,3010.28,3006.39,2990.64,2352044.5,17.79,0.59,2957.734,2924.873,2906.69,1892296.63,1734287.25,1627141.06
2016-07-04,2924.29,2992.5,2988.6,2922.52,2220171.25,56.12,1.91,2938.968,2912.09,2903.305,1769629.83,1663441.89,1595549.35
2016-07-01,2931.8,2944.99,2932.48,2925.81,1412462.25,2.87,0.1,2920.388,2902.111,2900.136,1638990.53,1577995.81,1564399.24
2016-06-30,2931.48,2938.14,2929.61,2922.31,1544649.25,-1.98,-0.07,2904.75,2897.374,2899.188,1738183.3,1608222.1,1587969.34
2016-06-29,2918.53,2934.0,2931.59,2915.06,1932155.88,19.03,0.65,2897.22,2891.695,2898.538,1701528.2,1627639.94,1618367.06
2016-06-28,2885.01,2913.58,2912.56,2878.82,1738710.5,16.86,0.58,2892.012,2887.257,2893.081,1576277.87,1601095.42,1574919.06
2016-06-27,2840.56,2895.73,2895.7,2840.28,1566974.75,41.41,1.45,2885.212,2880.22,2888.506,1557253.95,1546979.65,1542906.44
2016-06-24,2883.76,2899.57,2854.29,2807.6,1908426.12,-37.67,-1.3,2883.834,2873.957,2884.843,1517001.1,1559537.61,1521941.11
2016-06-23,2902.4,2904.11,2891.96,2878.66,1361373.75,-13.59,-0.47,2889.998,2881.244,2882.883,1478260.9,1511741.08,1478283.43
2016-06-22,2872.73,2905.98,2905.55,2869.51,1305904.25,26.99,0.94,2886.17,2885.652,2879.368,1553751.67,1508591.56,1465940.97
2016-06-21,2898.38,2919.3,2878.56,2869.18,1643590.88,-10.25,-0.35,2882.502,2888.507,2876.273,1625912.97,1519994.88,1460880.98
2016-06-20,2887.64,2891.66,2888.81,2864.02,1365710.5,3.7,0.13,2875.228,2894.519,2873.619,1536705.35,1527656.81,1433051.89
2016-06-17,2873.01,2900.3,2885.11,2872.18,1714725.12,12.29,0.43,2864.08,2898.161,2869.524,1602074.12,1550802.67,1420563.9
2016-06-16,2878.4,2887.74,2872.82,2865.39,1738827.62,-14.39,-0.5,2872.49,2901.001,2865.644,1545221.25,1567716.59,1405071.56
2016-06-15,2814.69,2894.26,2887.21,2811.78,1666710.75,45.02,1.58,2885.134,2905.381,2864.187,1463431.45,1609094.18,1379814.71
2016-06-14,2824.23,2843.46,2842.19,2822.06,1197552.75,9.12,0.32,2894.512,2898.905,2862.37,1414076.78,1548742.69,1353805.96
2016-06-13,2897.27,2911.16,2833.07,2832.51,1692554.38,-94.09,-3.21,2913.81,2896.791,2861.616,1518608.28,1538833.24,1351088.18
2016-06-08,2932.38,2937.99,2927.16,2908.37,1430460.75,-8.88,-0.3,2932.242,2895.728,2861.755,1499531.22,1484344.6,1334629.29
2016-06-07,2936.28,2938.44,2936.04,2923.5,1329878.62,1.94,0.07,2929.512,2884.521,2857.249,1590211.92,1444825.79,1331003.98
2016-06-06,2940.99,2945.94,2934.1,2922.28,1419937.38,-4.58,-0.16,2925.628,2873.084,2852.077,1754756.9,1423290.37,1324924.71
2016-06-03,2929.79,2945.52,2938.68,2915.19,1720210.25,13.45,0.46,2903.298,2864.039,2846.977,1683408.6,1401767.09,1344117.0
2016-06-02,2911.22,2925.67,2925.23,2906.52,1597169.12,11.72,0.4,2879.772,2852.719,2845.706,1559058.2,1338446.96,1361504.74
2016-06-01,2917.15,2929.08,2913.51,2909.51,1883864.25,-3.11,-0.11,2859.214,2840.887,2849.336,1469157.98,1290325.13,1354061.97
2016-05-31,2822.59,2917.14,2916.62,2822.59,2152603.5,94.17,3.34,2839.53,2830.287,2853.224,1299439.65,1242426.52,1342572.31
2016-05-30,2814.65,2830.97,2822.45,2794.66,1063195.88,1.4,0.05,2820.54,2822.993,2857.025,1091823.85,1150535.24,1319293.96
2016-05-27,2817.97,2832.8,2821.05,2809.8,1098458.25,-1.39,-0.05,2824.78,2825.834,2862.819,1120125.57,1158869.24,1320789.47
2016-05-26,2813.54,2827.09,2822.44,2780.76,1147668.0,7.35,0.26,2825.666,2826.44,2869.045,1117835.72,1163343.12,1335198.2
2016-05-25,2835.03,2843.17,2815.09,2807.75,1035272.62,-6.58,-0.23,2822.56,2827.782,2875.607,1111492.27,1184913.97,1343248.62
2016-05-24,2839.68,2839.7,2821.67,2807.19,1114524.5,-21.98,-0.77,2821.044,2829.977,2883.087,1185413.4,1217182.17,1350340.79
2016-05-23,2826.31,2848.07,2843.65,2826.26,1204704.5,18.17,0.64,2825.446,2831.069,2889.337,1209246.62,1226559.04,1357542.68
2016-05-20,2792.89,2825.95,2825.48,2785.08,1087009.0,18.57,0.66,2826.888,2829.915,2895.117,1197612.9,1286466.91,1365913.29
2016-05-19,2802.31,2829.4,2806.91,2801.55,1115950.75,-0.6,-0.02,2827.214,2838.692,2901.487,1208850.52,1384562.51,1406266.26
2016-05-18,2828.18,2828.26,2807.51,2781.42,1404878.25,-36.17,-1.27,2833.004,2857.785,2909.771,1258335.67,1417798.82,1492040.84
2016-05-17,2850.93,2860.32,2843.68,2832.46,1233690.62,-7.18,-0.25,2838.91,2876.161,2921.536,1248950.95,1442718.1,1500063.53
2016-05-16,2816.78,2851.23,2850.86,2804.99,1146535.88,23.75,0.84,2836.692,2891.057,2931.035,1243871.45,1488052.68,1530031.25
2016-05-13,2828.46,2850.09,2827.11,2814.11,1143197.12,-8.75,-0.31,2832.942,2899.803,2942.399,1375320.92,1482709.71,1567510.98
2016-05-12,2812.11,2839.28,2835.86,2781.24,1363376.5,-1.18,-0.04,2850.17,2911.651,2955.161,1560274.5,1507053.28,1614470.04
2016-05-11,2843.54,2857.25,2837.04,2818.7,1357954.62,4.45,0.16,2882.566,2923.432,2966.7,1577261.97,1501583.26,1701302.84
2016-05-10,2822.33,2845.24,2832.59,2820.16,1208293.12,0.48,0.02,2913.412,2936.198,2976.031,1636485.25,1483499.4,1724764.44
2016-05-09,2896.16,2896.16,2832.11,2821.83,1803783.25,-81.14,-2.79,2945.422,2947.606,2986.099,1732233.9,1488526.33,1774358.94
2016-05-06,2998.4,3003.59,2913.25,2913.04,2067965.0,-84.59,-2.82,2966.664,2960.319,2993.742,1590098.5,1445359.66,1778122.1
2016-05-05,2987.02,2999.12,2997.84,2977.2,1448313.88,6.57,0.22,2973.132,2964.283,2998.5,1453832.05,1427970.01,1785183.6
2016-05-04,2983.03,3004.42,2991.27,2978.33,1654071.0,-1.37,-0.05,2964.298,2961.757,3001.138,1425904.55,1566282.85,1828898.93
2016-05-03,2940.39,2993.53,2992.64,2929.81,1687036.38,54.32,1.85,2958.984,2966.912,3004.228,1330513.55,1557408.95,1874560.56
2016-04-29,2935.38,2950.58,2938.32,2930.36,1093106.25,-7.27,-0.25,2949.79,2971.014,3005.072,1244818.75,1572009.83,1893481.67
2016-04-28,2955.74,2959.51,2945.59,2916.37,1386632.75,-8.08,-0.27,2953.974,2984.994,3008.352,1300620.83,1652312.25,1949033.08
2016-04-27,2967.19,2976.02,2953.67,2949.43,1308676.38,-11.03,-0.37,2955.434,2998.671,3011.104,1402107.98,1721886.8,1984887.17
2016-04-26,2944.72,2965.43,2964.7,2933.97,1177116.0,18.03,0.61,2959.216,3009.968,3009.412,1706661.15,1901022.41,2010936.02
2016-04-25,2949.97,2954.09,2946.67,2917.02,1258562.38,-12.57,-0.42,2974.84,3015.863,3009.069,1784304.35,1966029.47,2053090.84
2016-04-22,2933.03,2960.21,2959.24,2926.78,1372116.62,6.35,0.21,2992.238,3024.592,3010.707,1899200.9,2060191.56,2077699.9
2016-04-21,2954.37,2990.67,2952.89,2943.46,1894068.5,-19.69,-0.66,3016.014,3027.164,3010.793,2004003.67,2110884.54,2127597.27
2016-04-20,3050.38,3055.69,2972.58,2905.05,2831442.25,-70.24,-2.31,3041.908,3032.717,3013.647,2041665.62,2142397.19,2141382.57
2016-04-19,3047.13,3054.5,3042.82,3024.9,1565332.0,9.16,0.3,3060.72,3040.518,3014.986,2095383.67,2091515.01,2134999.12
2016-04-18,3058.46,3058.46,3033.66,3022.97,1833045.12,-44.46,-1.44,3056.886,3041.543,3013.785,2147754.6,2191712.16,2232932.74
2016-04-15,3085.03,3089.95,3078.12,3066.87,1896130.5,-4.24,-0.14,3056.946,3039.13,3009.859,2221182.22,2214953.51,2297946.85
2016-04-14,3080.09,3086.7,3082.36,3056.99,2082378.25,15.72,0.51,3038.314,3031.71,3001.195,2217765.4,2245753.91,2303285.43
2016-04-13,3041.36,3097.16,3066.64,3041.36,3100032.5,42.99,1.42,3023.526,3023.538,2990.598,2243128.75,2247887.54,2292412.79
2016-04-12,3031.3,3036.82,3023.65,3001.32,1827186.62,-10.31,-0.34,3020.316,3008.857,2980.485,2087646.35,2120849.64,2219104.49
2016-04-11,3006.91,3048.98,3033.96,3006.91,2200183.25,49.0,1.64,3026.2,3002.274,2972.277,2235669.73,2140152.21,2225153.17
2016-04-08,2988.2,2996.17,2984.96,2960.46,1879046.38,-23.46,-0.78,3021.314,2996.821,2961.095,2208724.8,2095208.24,2178767.79
2016-04-07,3058.34,3062.36,3008.42,3007.06,2209195.0,-42.17,-1.38,3025.106,2994.422,2952.083,2273742.42,2144310.0,2154305.2
2016-04-06,3039.74,3059.79,3050.59,3029.0,2322620.5,-2.48,-0.08,3023.55,2994.576,2944.79,2252646.32,2140367.95,2135523.14
2016-04-05,3000.94,3057.33,3053.07,2993.15,2567303.5,43.54,1.45,2997.398,2989.453,2937.33,2154052.92,2178483.23,2136133.44
2016-04-01,2997.09,3009.67,3009.53,2956.25,2065458.62,5.61,0.19,2978.348,2986.026,2929.544,2044634.7,2274153.33,2116501.68
2016-03-31,3009.37,3023.41,3003.92,2992.92,2204134.5,3.28,0.11,2972.328,2980.588,2922.775,1981691.68,2380940.19,2169476.34
2016-03-30,2941.22,3001.11,3000.64,2941.22,2103714.5,80.81,2.77,2963.738,2970.679,2915.567,2014877.58,2360816.95,2203008.71
2016-03-29,2956.71,2962.2,2919.83,2905.25,1829653.5,-37.99,-1.28,2965.602,2957.658,2908.019,2028089.58,2336938.04,2233303.88
2016-03-28,2988.01,3008.17,2957.82,2948.53,2020212.38,-21.61,-0.72,2981.508,2952.112,2898.686,2202913.53,2317359.35,2235424.92
2016-03-25,2956.2,2981.41,2979.43,2952.11,1750743.5,18.46,0.62,2993.704,2942.28,2885.194,2503671.95,2310154.14,2238119.66
2016-03-24,2986.8,2998.15,2960.97,2960.54,2370064.0,-48.99,-1.63,2988.848,2925.368,2874.583,2780188.7,2262327.34,2246137.72
2016-03-23,2991.17,3012.56,3009.96,2980.86,2169774.5,10.6,0.35,2977.62,2909.744,2863.597,2706756.32,2164300.4,2262776.73
2016-03-22,3001.63,3019.1,2999.36,2988.43,2703773.25,-19.44,-0.64,2949.714,2895.004,2859.544,2645786.5,2130678.34,2260993.19
2016-03-21,2978.46,3028.32,3018.8,2973.76,3524004.5,63.65,2.15,2922.716,2885.207,2854.742,2431805.17,2093783.66,2225674.86
2016-03-18,2915.52,2971.55,2955.15,2908.74,3133327.25,50.32,1.73,2890.856,2873.061,2850.161,2116636.32,1958850.04,2165562.66
2016-03-17,2875.41,2921.0,2904.83,2857.19,2002902.12,34.4,1.2,2861.888,2864.961,2845.405,1744465.97,1958012.49,2090592.01
2016-03-16,2858.71,2881.53,2870.43,2854.19,1864925.38,6.06,0.21,2841.868,2860.454,2843.308,1621844.47,2045200.48,2100048.84
2016-03-15,2853.98,2865.79,2864.37,2819.79,1633866.62,4.87,0.17,2840.294,2858.379,2843.153,1615570.17,2129669.71,2115257.53
2016-03-14,2830.08,2889.82,2859.5,2823.03,1948160.25,49.19,1.75,2847.698,2845.259,2841.763,1755762.15,2153490.49,2131545.01
2016-03-11,2781.6,2815.61,2810.31,2772.55,1272475.5,5.58,0.2,2855.266,2828.107,2836.098,1801063.75,2166085.17,2098768.96
2016-03-10,2847.57,2863.18,2804.73,2803.48,1389794.62,-57.83,-2.02,2868.034,2823.797,2833.757,2171559.0,2229948.1,2105738.33
2016-03-09,2839.41,2863.01,2862.56,2811.72,1833553.88,-38.83,-1.34,2879.04,2817.449,2832.571,2468556.48,2361253.06,2121439.61
2016-03-08,2895.67,2902.62,2901.39,2802.56,2334826.5,4.05,0.14,2876.464,2824.083,2826.406,2643769.25,2391308.05,2103960.52
2016-03-07,2886.64,2911.84,2897.34,2871.35,2174668.25,23.19,0.81,2842.82,2824.277,2818.815,2551218.83,2357566.06,2066258.3
2016-03-04,2848.54,2880.37,2874.15,2808.85,3124951.75,14.39,0.5,2800.948,2827.261,2808.39,2531106.6,2372275.29,2035716.76
2016-03-03,2847.33,2878.45,2859.76,2840.87,2874782.0,10.08,0.35,2779.56,2825.848,2801.563,2288337.2,2223171.52,1972805.72
2016-03-02,2733.77,2852.7,2849.68,2732.54,2709617.75,116.51,4.26,2755.858,2826.161,2791.358,2253949.65,2154897.2,1914626.76
2016-03-01,2688.38,2747.56,2733.17,2668.76,1872074.38,45.19,1.68,2771.702,2827.927,2785.652,2138846.85,2100845.35,1887006.9
2016-02-29,2754.81,2755.89,2687.98,2638.96,2074107.12,-79.23,-2.86,2805.734,2838.267,2786.483,2163913.3,2109599.52,1898821.21
2016-02-26,2760.06,2784.75,2767.21,2715.87,1911104.75,25.96,0.95,2853.574,2844.089,2799.009,2213443.97,2031452.75,1871635.38
2016-02-25,2922.24,2922.24,2741.25,2729.85,2702844.25,-187.65,-6.41,2872.136,2843.717,2806.477,2158005.85,1981528.56,1855985.51
2016-02-24,2889.88,2929.87,2928.9,2872.27,2134103.75,25.57,0.88,2896.464,2847.694,2813.438,2055844.75,1881626.15,1816681.13
2016-02-23,2925.71,2928.05,2903.33,2872.28,1997406.62,-23.85,-0.81,2884.152,2828.729,2815.828,2062843.85,1816612.99,1818228.68
2016-02-22,2888.6,2933.96,2927.18,2880.35,2321760.5,67.16,2.35,2870.8,2813.353,2821.049,2055285.75,1774950.54,1820998.2
2016-02-19,2854.9,2872.72,2860.02,2840.49,1633914.12,-2.87,-0.1,2834.604,2789.52,2820.382,1849461.52,1699158.24,1787260.02
2016-02-18,2881.78,2893.21,2862.89,2857.7,2192038.75,-4.45,-0.15,2815.298,2777.278,2822.429,1805051.28,1722439.92,1804925.17
2016-02-17,2829.76,2868.7,2867.34,2824.36,2169099.25,30.77,1.08,2798.924,2756.555,2829.667,1707407.55,1674356.32,1801776.06
2016-02-16,2758.58,2840.62,2836.57,2758.58,1959616.12,90.37,3.29,2773.306,2743.377,2833.78,1570382.12,1673168.45,1790462.14
2016-02-15,2684.96,2760.36,2746.2,2682.09,1292639.38,-17.29,-0.63,2755.906,2734.699,2843.095,1494615.32,1688042.89,1796311.15
2016-02-05,2783.08,2790.06,2763.49,2762.16,1411862.88,-17.53,-0.63,2744.436,2753.93,2856.62,1548854.95,1711818.01,1867501.03
2016-02-04,2751.43,2793.3,2781.02,2751.31,1703820.12,41.77,1.52,2739.258,2769.237,2877.766,1639828.57,1730442.46,1940128.3
2016-02-03,2719.57,2746.07,2739.25,2696.88,1483972.12,-10.32,-0.38,2714.186,2779.183,2894.965,1641305.1,1751736.11,1890221.86
2016-02-02,2687.98,2755.16,2749.57,2687.98,1580782.12,60.72,2.26,2713.448,2802.927,2926.094,1775954.77,1819844.37,1935466.59
2016-02-01,2730.98,2735.26,2688.85,2655.62,1563837.5,-48.75,-1.78,2713.492,2828.744,2953.001,1881470.45,1867045.86,1989868.52
2016-01-29,2652.85,2755.37,2737.6,2649.79,1866731.0,81.94,3.08,2763.424,2851.243,2983.371,1874781.07,1875361.81,2003885.86
2016-01-28,2711.16,2740.54,2655.66,2647.49,1711202.75,-79.9,-2.92,2799.216,2867.58,3023.451,1821056.35,1887410.41,1999031.14
2016-01-27,2756.08,2768.77,2735.56,2638.3,2157220.5,-14.23,-0.52,2844.18,2902.779,3069.312,1862167.12,1929195.79,2007415.81
2016-01-26,2907.72,2911.99,2749.79,2743.84,2108360.5,-188.72,-6.42,2892.406,2924.183,3110.721,1863733.97,1907755.84,1990830.74
2016-01-25,2934.08,2955.78,2938.51,2911.83,1530390.62,21.95,0.75,2943.996,2951.49,3149.92,1852621.27,1904579.41,2020404.36
2016-01-22,2911.11,2931.36,2916.56,2851.73,1598107.38,36.08,1.25,2939.062,2959.309,3184.39,1875942.55,2023184.05,2043110.38
2016-01-21,2934.39,2998.79,2880.48,2880.08,1916756.62,-96.21,-3.23,2935.944,2986.294,3219.186,1953764.47,2149814.14,2077097.62
2016-01-20,2993.01,3016.28,2976.69,2951.92,2165054.75,-31.05,-1.03,2961.378,3010.746,3256.967,1996224.45,2028707.6,2130360.69
2016-01-19,2914.41,3012.07,3007.74,2906.4,2052797.0,93.9,3.22,2955.96,3049.261,3290.721,1951777.7,2051088.8,2152697.34
2016-01-18,2847.54,2945.45,2913.84,2844.7,1646997.0,12.87,0.44,2958.984,3077.258,3322.457,1956537.55,2112691.17,2199982.13
2016-01-15,2988.05,3001.71,2900.97,2883.87,1987217.0,-106.68,-3.55,2979.556,3115.5,3355.713,2170425.55,2132409.9,2254486.23
2016-01-14,2874.05,3012.29,3007.65,2867.55,2129056.5,58.05,1.97,3036.644,3179.321,3389.665,2345863.8,2110651.86,2297053.62
2016-01-13,3041.11,3059.01,2949.6,2949.29,1942821.0,-73.26,-2.42,3060.114,3235.844,3415.092,2061190.75,2085635.82,2287341.95
2016-01-12,3026.16,3047.66,3022.86,2978.46,2076596.25,6.16,0.2,3142.562,3297.258,3443.13,2150399.9,2073905.65,2290436.57
2016-01-11,3131.85,3166.22,3016.7,3016.7,2716437.0,-169.71,-5.33,3195.532,3348.35,3468.02,2268844.8,2136229.3,2294294.07
2016-01-08,3194.63,3235.45,3186.41,3056.88,2864408.25,61.41,1.97,3251.444,3409.471,3488.914,2094394.25,2063036.71,2249926.66
2016-01-07,3309.66,3309.66,3125.0,3115.89,705691.25,-236.84,-7.04,3321.998,3452.079,3502.368,1875439.92,2004381.11,2206920.0
2016-01-06,3291.19,3362.97,3361.84,3288.93,2388866.75,74.13,2.25,3411.574,3503.188,3519.741,2110080.9,2232013.79,2269484.86
2016-01-05,3196.65,3328.14,3287.71,3189.6,2668820.75,-8.55,-0.26,3451.954,3532.181,3525.152,1997411.4,2254305.89,2262225.17
2016-01-04,3536.59,3538.69,3296.26,3295.74,1844184.25,-242.92,-6.86,3501.168,3567.657,3537.613,2003613.8,2287273.09,2232935.42
2015-12-31,3570.47,3580.6,3539.18,3538.35,1769636.62,-33.7,-0.94,3567.498,3595.927,3549.05,2031679.17,2376562.56,2266594.41
2015-12-30,3566.73,3573.68,3572.88,3538.11,1878896.12,9.14,0.26,3582.16,3600.009,3551.332,2133322.3,2483455.37,2318668.21
2015-12-29,3528.4,3564.17,3563.74,3515.52,1825519.25,29.96,0.85,3594.802,3594.34,3549.533,2353946.67,2489048.07,2375469.14
2015-12-28,3635.77,3641.59,3533.78,3533.78,2699832.75,-94.13,-2.6,3612.408,3589.001,3544.161,2511200.37,2506967.49,2410388.55
2015-12-25,3614.05,3635.26,3627.91,3601.74,1984511.12,15.42,0.43,3634.146,3587.69,3539.742,2570932.37,2452358.84,2427495.86
2015-12-24,3631.31,3640.22,3612.49,3572.28,2277852.25,-23.6,-0.65,3624.356,3568.357,3530.162,2721445.95,2436816.6,2505414.07
2015-12-23,3653.28,3684.57,3636.09,3633.03,2982018.0,-15.68,-0.43,3617.858,3552.658,3531.315,2833588.45,2409458.89,2544902.24
2015-12-22,3645.99,3652.63,3651.77,3616.87,2611787.75,9.3,0.26,3593.878,3536.293,3531.907,2624149.47,2306955.94,2532313.77
2015-12-21,3568.58,3651.06,3642.47,3565.75,2998492.75,63.51,1.77,3565.594,3518.123,3530.124,2502734.6,2270144.46,2526129.64
2015-12-18,3574.94,3614.7,3578.96,3568.16,2737079.0,-1.04,-0.03,3541.234,3507.569,3528.516,2333785.3,2178597.76,2534203.74
2015-12-17,3533.63,3583.41,3580.0,3533.63,2838564.75,63.81,1.81,3512.358,3502.172,3531.093,2152187.25,2156626.26,2552750.78
2015-12-16,3522.09,3538.69,3516.19,3506.29,1934823.12,5.84,0.17,3487.458,3502.654,3532.946,1985329.32,2153881.04,2534780.33
2015-12-15,3518.13,3529.96,3510.35,3496.85,2004713.38,-10.32,-0.29,3478.708,3504.726,3535.56,1989762.4,2261890.2,2586829.54
2015-12-14,3403.51,3521.78,3520.67,3399.28,2153746.25,86.09,2.51,3470.652,3499.322,3540.283,2037554.32,2313809.61,2678381.61
2015-12-11,3441.6,3455.55,3434.58,3410.92,1829088.75,-20.92,-0.6,3473.904,3491.795,3544.597,2023410.22,2402632.89,2708787.82
2015-12-10,3469.81,3503.65,3455.5,3446.27,2004275.12,-16.94,-0.49,3491.986,3491.967,3551.91,2161065.27,2574011.54,2790268.84
2015-12-09,3462.58,3495.7,3472.44,3454.88,1956988.5,2.37,0.07,3517.85,3509.972,3560.78,2322432.75,2680345.6,2870913.89
2015-12-08,3518.65,3518.65,3470.07,3466.79,2243673.0,-66.86,-1.89,3530.744,3527.521,3569.67,2534018.0,2757671.6,2953550.79
2015-12-07,3529.81,3543.95,3536.93,3506.62,2083025.75,11.94,0.34,3527.992,3542.125,3578.192,2590064.9,2782114.83,3056240.44
2015-12-04,3558.15,3568.97,3524.99,3510.41,2517364.0,-59.83,-1.67,3509.686,3549.463,3583.689,2781855.55,2889809.73,3203597.5
2015-12-03,3525.73,3591.73,3584.82,3517.23,2811112.5,47.91,1.35,3491.948,3560.014,3586.941,2986957.8,2948875.3,3292312.83
2015-12-02,3450.28,3538.85,3536.91,3427.66,3014914.75,80.6,2.33,3502.094,3563.238,3583.841,3038258.45,2915679.63,3428384.68
2015-12-01,3442.44,3483.41,3456.31,3417.55,2523907.5,10.91,0.32,3524.298,3566.394,3579.978,2981325.2,2911768.88,3447178.3
2015-11-30,3433.86,3470.37,3445.4,3327.81,3041979.0,9.1,0.27,3556.258,3581.243,3572.997,2974164.75,3042953.6,3417431.64
2015-11-27,3616.54,3621.9,3436.3,3412.43,3542875.25,-199.25,-5.48,3589.24,3597.399,3566.981,2997763.9,3014942.75,3380808.25
2015-11-26,3659.57,3668.38,3635.55,3629.86,3067615.75,-12.38,-0.34,3628.08,3611.853,3564.294,2910792.8,3006526.15,3325462.05
2015-11-25,3614.07,3648.37,3647.93,3607.52,2730248.5,31.82,0.88,3624.382,3611.588,3551.882,2793100.8,3061482.18,3289919.28
2015-11-24,3602.89,3616.48,3616.11,3563.1,2488105.25,5.79,0.16,3608.49,3611.82,3538.246,2842212.55,3149429.98,3300168.49
2015-11-23,3630.87,3654.75,3610.31,3598.87,3159974.75,-20.19,-0.56,3606.228,3614.258,3529.158,3111742.45,3330366.05,3339849.61
2015-11-20,3620.79,3640.53,3630.5,3607.92,3108019.75,13.44,0.37,3605.558,3617.915,3520.121,3032121.6,3517385.28,3364631.3
2015-11-19,3573.78,3618.21,3617.06,3561.04,2479155.75,48.59,1.36,3595.626,3613.868,3509.217,3102259.5,3635750.35,3382916.74
2015-11-18,3605.06,3617.07,3568.47,3558.7,2975807.25,-36.33,-1.01,3598.794,3604.444,3496.802,3329863.55,3941089.73,3420828.63
2015-11-17,3629.98,3678.27,3604.8,3598.07,3835754.75,-2.16,-0.06,3615.15,3593.561,3484.412,3456647.4,3982587.73,3501265.99
2015-11-16,3522.46,3607.61,3606.96,3519.42,2761870.5,26.12,0.73,3622.288,3564.751,3475.438,3548989.65,3791909.68,3468965.13
2015-11-13,3600.76,3632.56,3580.84,3564.81,3458709.25,-52.06,-1.43,3630.272,3536.563,3464.425,4002648.95,3746673.75,3519927.69
2015-11-12,3656.82,3659.31,3632.9,3603.23,3617176.0,-17.35,-0.47,3632.11,3516.735,3454.951,4169241.2,3644397.95,3544722.51
2015-11-11,3635.0,3654.88,3650.25,3605.62,3609726.5,9.76,0.27,3610.094,3492.177,3440.21,4552315.9,3518356.38,3522005.64
2015-11-10,3617.4,3669.53,3640.49,3607.89,4297466.0,-6.39,-0.17,3571.972,3464.672,3420.819,4508528.05,3450907.0,3489058.19
2015-11-09,3588.5,3673.76,3646.88,3588.5,5030167.0,56.85,1.58,3507.214,3444.057,3403.456,4034829.7,3349333.18,3422761.45
2015-11-06,3514.44,3596.38,3590.03,3508.83,4291670.5,67.21,1.91,3442.854,3422.327,3385.495,3490698.55,3211877.33,3364400.46
2015-11-05,3459.22,3585.66,3522.82,3455.53,5532549.5,63.18,1.83,3401.36,3404.567,3365.151,3119554.7,3130083.13,3267242.66
2015-11-04,3325.62,3459.65,3459.64,3325.62,3390787.25,142.94,4.31,3374.26,3389.159,3346.178,2484396.85,2900567.53,3107753.21
2015-11-03,3330.32,3346.27,3316.7,3302.18,1928974.25,-8.38,-0.25,3357.372,3375.263,3325.835,2393285.95,3019944.25,3011535.08
2015-11-02,3337.58,3391.06,3325.08,3322.31,2309511.25,-57.48,-1.7,3380.9,3386.126,3311.907,2663836.65,3146020.58,2996697.7
2015-10-30,3380.28,3417.2,3382.56,3346.59,2435951.25,-4.76,-0.14,3401.8,3392.288,3300.691,2933056.1,3293181.63,2959585.9
2015-10-29,3387.77,3411.71,3387.32,3362.51,2356760.25,12.12,0.36,3407.774,3393.167,3286.181,3140611.55,3445047.08,2955920.28
2015-10-28,3417.01,3439.76,3375.2,3367.23,2935232.75,-59.14,-1.72,3404.058,3388.242,3273.949,3316738.2,3525654.9,2944526.13
2015-10-27,3409.14,3441.57,3434.34,3332.62,3281727.75,4.76,0.14,3393.154,3376.966,3260.984,3646602.55,3527209.38,2915925.83
2015-10-26,3448.65,3457.52,3429.58,3402.0,3655608.5,17.15,0.5,3391.352,3362.855,3248.548,3628204.5,3496189.73,2889232.51
2015-10-23,3377.55,3422.02,3412.43,3360.22,3473728.5,43.69,1.3,3382.776,3348.663,3234.896,3653307.15,3516923.6,2826400.76
2015-10-22,3292.29,3373.78,3368.74,3282.99,3237393.5,48.06,1.45,3378.56,3325.735,3219.17,3749482.6,3404402.2,2757302.04
2015-10-21,3428.56,3447.26,3320.68,3265.44,4584554.5,-104.65,-3.06,3372.426,3303.197,3205.036,3734571.6,3314938.9,2754233.81
2015-10-20,3377.55,3425.52,3425.33,3357.86,3189737.5,38.63,1.14,3360.778,3276.407,3196.615,3407816.2,3003125.9,2663768.35
2015-10-19,3401.63,3423.4,3386.7,3355.57,3781121.75,-4.65,-0.14,3334.358,3237.688,3175.607,3364174.95,2847374.83,2628878.7
2015-10-16,3358.3,3393.02,3391.35,3334.85,3954605.75,53.28,1.6,3314.55,3209.094,3162.012,3380540.05,2625990.17,2613138.19
2015-10-15,3255.03,3338.3,3338.07,3254.39,3162838.5,75.63,2.32,3272.91,3179.194,3152.456,3059321.8,2466793.48,2527686.81
2015-10-14,3280.02,3307.32,3262.44,3256.25,2950777.5,-30.79,-0.94,3233.968,3159.656,3145.447,2895306.2,2363397.35,2506175.76
2015-10-13,3262.16,3298.63,3293.23,3253.25,2971531.25,5.57,0.17,3192.036,3145.001,3144.48,2598435.6,2304642.28,2546300.88
2015-10-12,3193.54,3318.71,3287.66,3188.41,3862947.25,104.51,3.28,3141.018,3134.24,3138.341,2330574.7,2282275.3,2525432.05
2015-10-09,3146.64,3192.72,3183.15,3137.79,2348514.5,39.79,1.27,3103.638,3121.128,3127.978,1871440.3,2135877.92,2480518.75
2015-10-08,3156.07,3172.28,3143.36,3133.13,2342760.5,90.58,2.97,3085.478,3112.605,3126.83,1874265.15,2110201.88,2582178.1
2015-09-30,3052.84,3073.3,3052.78,3039.74,1466424.5,14.64,0.48,3085.344,3106.875,3127.993,1831488.5,2193528.73,2681256.3
2015-09-29,3055.22,3068.3,3038.14,3021.16,1632226.75,-62.62,-2.02,3097.966,3116.823,3135.653,2010848.95,2324410.8,2806650.76
2015-09-28,3085.57,3103.07,3100.76,3042.31,1567275.25,8.41,0.27,3127.462,3113.526,3145.364,2233975.9,2410382.58,2946607.9
2015-09-25,3130.85,3149.95,3092.35,3063.0,2362638.75,-50.34,-1.6,3138.618,3114.93,3144.505,2400315.55,2600286.2,3068398.34
2015-09-24,3126.49,3151.16,3142.69,3109.69,2128877.25,26.8,0.86,3139.732,3125.718,3136.252,2346138.6,2588580.15,3183616.23
2015-09-23,3137.72,3164.04,3115.89,3104.74,2363226.75,-69.73,-2.19,3128.406,3131.238,3127.366,2555568.95,2648954.17,3253334.91
2015-09-22,3161.32,3213.48,3185.62,3152.48,2747861.5,29.08,0.92,3135.68,3143.958,3132.067,2637972.65,2787959.48,3302509.48
2015-09-21,3072.09,3159.88,3156.54,3060.86,2398973.5,58.62,1.89,3099.59,3142.441,3148.173,2586789.25,2768588.8,3350076.64
2015-09-18,3100.28,3122.05,3097.92,3070.34,2091754.0,11.86,0.38,3091.242,3134.829,3173.56,2800256.85,2825159.58,3425159.49
2015-09-17,3131.98,3204.7,3086.06,3085.31,3176029.0,-66.2,-2.1,3111.704,3141.054,3208.37,2831021.7,3054154.33,3558269.91
2015-09-16,2998.04,3182.93,3152.26,2983.54,2775245.25,147.09,4.89,3134.07,3149.11,3241.475,2742339.4,3168983.88,3671353.86
2015-09-15,3043.8,3081.7,3005.17,2983.92,2491944.5,-109.63,-3.52,3152.236,3154.483,3283.546,2937946.3,3288890.73,3762807.63
2015-09-14,3221.17,3229.48,3114.8,3049.23,3466311.5,-85.43,-2.67,3185.292,3177.201,3331.553,2950388.35,3482833.23,3872204.5
2015-09-11,3189.48,3223.76,3200.23,3163.45,2245578.25,2.34,0.07,3178.416,3174.08,3373.542,2850062.3,3536510.48,3913925.58
2015-09-10,3190.55,3243.28,3197.89,3178.9,2732617.5,-45.2,-1.39,3170.404,3146.786,3407.846,3277286.95,3778652.3,4022990.81
2015-09-09,3182.55,3256.74,3243.09,3165.7,3753279.75,72.64,2.29,3164.15,3123.494,3444.347,3595628.35,3857715.65,4155821.66
2015-09-08,3054.44,3174.71,3170.45,3011.12,2554154.75,90.03,2.92,3156.73,3120.176,3478.613,3639835.15,3817059.48,4216809.83
2015-09-07,3149.38,3217.58,3080.42,3066.3,2964681.25,-79.75,-2.52,3169.11,3153.905,3507.301,4015278.1,3931564.48,4259480.68
2015-09-02,3027.68,3194.48,3160.17,3019.09,4381701.5,-6.45,-0.2,3169.744,3212.292,3536.357,4222958.65,4025159.4,4248283.95
2015-09-01,3157.83,3180.33,3166.62,3053.74,4324324.5,-39.37,-1.23,3123.168,3275.686,3563.077,4280017.65,4062385.5,4212410.36
2015-08-31,3203.56,3207.86,3205.99,3109.16,3974313.75,-26.36,-0.82,3082.838,3333.84,3592.573,4119802.95,4173723.85,4177644.98
2015-08-28,3125.26,3235.84,3232.35,3102.95,4431369.5,148.76,4.82,3083.622,3412.608,3613.419,3994283.8,4236724.53,4160913.65
2015-08-27,2978.03,3085.42,3083.59,2906.49,4003084.0,156.3,5.34,3138.7,3485.906,3634.988,3847850.85,4261575.78,4114823.05
2015-08-26,2980.79,3092.04,2927.29,2850.71,4666996.5,-37.68,-1.27,3254.84,3573.003,3666.097,3827360.15,4291340.68,4143640.48
2015-08-25,3004.13,3123.03,2964.97,2947.94,3523251.0,-244.94,-7.63,3428.204,3668.906,3709.191,3844753.35,4267329.33,4127466.7
2015-08-24,3373.48,3388.36,3209.91,3191.88,3346718.0,-297.83,-8.49,3584.842,3765.2,3744.092,4227644.75,4453927.68,4232969.18
2015-08-21,3609.96,3652.84,3507.74,3490.54,3699204.75,-156.55,-4.27,3741.594,3837.051,3769.875,4479165.25,4616560.18,4343634.9
2015-08-20,3754.57,3788.01,3664.29,3663.61,3900630.5,-129.82,-3.42,3833.112,3860.697,3798.034,4675300.7,4587396.88,4472387.09
2015-08-19,3646.8,3811.43,3794.11,3558.38,4753962.5,45.95,1.23,3891.166,3860.422,3821.015,4755321.2,4471408.5,4559148.54
2015-08-18,3999.13,4006.34,3748.16,3743.39,5437708.0,-245.51,-6.15,3909.608,3850.468,3832.612,4689905.3,4362435.22,4581816.51
2015-08-17,3947.84,3994.54,3993.67,3907.4,4604320.5,28.34,0.71,3945.558,3851.306,3846.088,4680210.6,4181566.1,4562075.14
2015-08-14,3976.41,4000.68,3965.33,3939.84,4679882.0,10.77,0.27,3932.508,3814.23,3846.01,4753955.1,4085102.78,4601412.46
2015-08-13,3869.91,3955.79,3954.56,3838.16,4300733.0,68.24,1.76,3888.282,3784.07,3845.611,4499493.05,3968070.33,4608281.49
2015-08-12,3881.23,3937.77,3886.32,3871.14,4426883.0,-41.59,-1.06,3829.678,3759.191,3839.041,4187495.8,3995940.28,4639372.94
2015-08-11,3928.81,3970.34,3927.91,3891.18,5389234.5,-0.51,-0.01,3791.328,3749.476,3835.01,4034965.15,3987604.08,4718679.44
2015-08-10,3786.03,3943.62,3928.42,3775.85,4973043.0,184.22,4.92,3757.054,3722.985,3834.839,3682921.6,4012010.68,4784497.11
2015-08-07,3692.61,3756.74,3744.2,3686.3,3407571.75,82.66,2.26,3695.952,3702.699,3836.938,3416250.45,4070709.63,4857589.46
2015-08-06,3625.5,3710.57,3661.54,3614.74,2740746.75,-33.03,-0.89,3679.858,3735.37,3843.618,3436647.6,4357377.3,4980393.0
2015-08-05,3745.65,3782.35,3694.57,3676.39,3664229.75,-61.97,-1.65,3688.704,3781.608,3846.008,3804384.75,4646888.58,5171812.96
2015-08-04,3621.85,3757.03,3756.54,3601.29,3629016.75,133.63,3.69,3707.624,3814.756,3836.639,3940243.0,4801197.8,5328779.93
2015-08-03,3614.99,3648.94,3622.91,3549.5,3639687.25,-40.82,-1.11,3688.916,3840.869,3835.167,4341099.75,4942584.18,5496738.44
2015-07-31,3655.67,3729.51,3663.73,3620.17,3509557.5,-42.04,-1.13,3709.446,3877.789,3842.817,4725168.8,5117722.15,5730323.73
2015-07-30,3773.79,3844.37,3705.77,3685.96,4579432.5,-83.4,-2.2,3790.882,3907.151,3843.977,5278107.0,5248492.65,5828927.4
2015-07-29,3689.82,3792.07,3789.17,3612.06,4343521.0,126.17,3.44,3874.512,3918.892,3854.327,5489392.4,5282805.6,5892963.58
2015-07-28,3573.14,3762.53,3663.0,3537.36,5633300.5,-62.56,-1.68,3921.888,3920.545,3867.554,5662152.6,5449754.8,5975172.25
2015-07-27,3985.57,4051.16,3725.56,3720.44,5560032.5,-345.35,-8.48,3992.822,3946.694,3898.265,5544068.6,5556983.55,6048095.55
2015-07-24,4124.75,4184.45,4070.91,4044.83,6274248.5,-53.01,-1.28,4046.132,3971.177,3914.638,5510275.5,5644469.3,6106987.1
2015-07-23,4022.27,4132.61,4123.92,4019.04,5635859.5,97.87,2.43,4023.42,3951.866,3920.736,5218878.3,5603408.7,6075883.6
2015-07-22,3996.43,4042.34,4026.05,3960.86,5207322.0,8.38,0.21,3963.272,3910.407,3940.929,5076218.8,5696737.35,6080489.4
2015-07-21,3939.9,4041.82,4017.67,3912.8,5042880.5,25.56,0.64,3919.202,3858.521,3974.134,5237357.0,5856362.05,6091625.15
2015-07-20,3948.42,4021.33,3992.11,3927.12,5391067.0,34.76,0.88,3900.566,3829.466,4002.075,5569898.5,6050892.7,6076244.2
2015-07-17,3831.42,3994.48,3957.35,3814.15,4817262.5,134.17,3.51,3896.222,3807.846,4026.387,5778663.1,6342925.3,6033035.68
2015-07-16,3758.5,3877.51,3823.18,3688.44,4922562.0,17.48,0.46,3880.312,3780.803,4067.788,5987939.1,6409362.15,6045893.0
2015-07-15,3874.97,3914.27,3805.7,3741.25,6013013.0,-118.79,-3.03,3857.542,3789.762,4125.024,6317255.9,6503121.55,6068315.48
2015-07-14,3958.37,4035.43,3924.49,3855.56,6705588.0,-45.9,-1.16,3797.84,3814.562,4179.111,6475367.1,6500589.7,6043065.53
2015-07-13,3918.99,4030.19,3970.39,3858.64,6434890.0,92.59,2.39,3758.366,3849.835,4236.036,6531886.9,6539207.55,6026688.13
2015-07-10,3707.46,3959.22,3877.8,3677.43,5863642.5,168.47,4.54,3719.47,3858.099,4295.834,6907187.5,6569504.9,6017757.55
2015-07-09,3432.45,3748.48,3709.33,3373.54,6569146.0,202.14,5.76,3681.294,3889.606,4358.023,6830785.2,6548358.5,6006570.68
2015-07-08,3467.4,3599.25,3507.19,3421.53,6803569.0,-219.93,-5.9,3721.982,3971.451,4427.859,6688987.2,6464241.45,5976597.88
2015-07-07,3654.78,3750.57,3727.12,3585.4,6988187.0,-48.79,-1.29,3831.284,4089.747,4508.176,6525812.3,6326888.25,6001366.33
2015-07-06,3975.21,3975.21,3775.91,3653.04,8311393.0,88.99,2.41,3941.304,4174.684,4578.414,6546528.2,6101595.7,6079474.53
2015-07-03,3793.71,3927.13,3686.92,3629.56,5481631.0,-225.85,-5.77,3996.728,4244.929,4640.773,6231822.3,5723146.05,6050025.28
2015-07-02,4058.62,4080.39,3912.77,3795.25,5860156.0,-140.93,-3.48,4097.918,4354.773,4703.782,6265931.8,5682423.85,6113419.93
2015-07-01,4214.15,4317.05,4053.7,4043.37,5987694.5,-223.52,-5.23,4220.92,4460.286,4753.643,6239495.7,5633509.4,6126139.05
2015-06-30,4006.75,4279.97,4277.22,3847.88,7091766.5,224.19,5.53,4348.21,4543.659,4796.484,6127964.2,5585541.35,6138628.38
2015-06-29,4289.77,4297.47,4053.03,3875.05,6737863.5,-139.84,-3.33,4408.064,4622.236,4824.06,5656663.2,5514168.7,6080734.58
2015-06-26,4399.93,4456.9,4192.87,4139.53,5652178.5,-334.91,-7.4,4493.13,4733.568,4851.996,5214469.8,5466010.2,6049472.6
2015-06-25,4711.76,4720.7,4527.78,4483.55,5727975.5,-162.37,-3.46,4611.628,4826.441,4873.365,5098915.9,5464782.85,6158345.98
2015-06-24,4604.58,4691.77,4690.15,4552.13,5430037.0,113.66,2.48,4699.652,4884.266,4894.062,5027523.1,5488954.3,6212529.9
2015-06-23,4471.61,4577.94,4576.49,4264.77,4735261.5,98.13,2.19,4739.108,4926.605,4905.099,5043118.5,5675844.4,6293474.48
2015-06-19,4689.93,4744.08,4478.36,4476.5,4526896.5,-307.0,-6.42,4836.409,4982.144,4916.965,5371674.2,6057353.35,6397942.1
2015-06-18,4942.52,4966.77,4785.36,4780.87,5074409.0,-182.54,-3.67,4974.007,5036.617,4925.927,5717550.6,6376904.5,6499392.93
2015-06-17,4890.55,4983.66,4967.9,4767.22,5371011.5,80.47,1.65,5041.253,5052.792,4913.13,5830649.8,6544416.0,6478170.73
2015-06-16,5004.41,5029.68,4887.43,4842.1,5508014.0,-175.56,-3.47,5068.88,5046.999,4887.049,5950385.5,6618768.7,6466673.25
2015-06-15,5174.418,5176.795,5062.993,5048.742,6378040.0,-103.357,-2.0,5114.101,5049.309,4863.555,6308570.3,6691715.4,6409640.15
2015-06-12,5143.343,5178.191,5166.35,5103.401,6256278.5,44.757,0.87,5127.879,5025.884,4824.58,6743032.5,6647300.45,6280766.88
2015-06-11,5101.44,5122.457,5121.593,5050.765,5639905.0,15.557,0.3,5099.228,4970.423,4781.697,7036258.4,6632935.0,6187806.05
2015-06-10,5049.197,5164.162,5106.036,5001.489,5969690.0,-7.498,-0.15,5064.33,4920.29,4744.533,7258182.2,6851909.1,6130349.78
2015-06-09,5145.978,5147.454,5113.534,5042.963,7298938.0,-18.347,-0.36,5025.118,4903.858,4708.019,7287151.9,6936105.5,6087110.53
2015-06-08,5045.694,5146.949,5131.881,4997.481,8550351.0,108.785,2.17,4984.517,4883.594,4672.404,7074860.5,6911104.55,5983096.83
2015-06-05,5016.088,5051.626,5023.096,4898.068,7722408.0,75.994,1.54,4923.888,4851.786,4632.489,6551568.4,6738530.85,5799954.53
2015-06-04,4912.945,4947.965,4947.102,4647.407,6749524.0,37.124,0.76,4841.618,4815.236,4591.63,6229611.6,6621881.35,5612548.18
2015-06-03,4924.381,4942.065,4909.978,4822.442,6114538.5,-0.549,-0.01,4776.251,4773.468,4549.885,6445636.0,6411925.45,5472355.3
2015-06-02,4844.704,4911.574,4910.527,4797.552,6237481.0,81.789,1.69,4782.598,4727.099,4515.85,6585059.1,6314577.8,5407494.88
2015-06-01,4633.098,4829.502,4828.738,4615.231,5933890.5,216.994,4.71,4782.672,4677.802,4485.259,6747348.6,6127564.9,5382050.13
2015-05-29,4603.465,4698.193,4611.744,4431.563,6112624.0,-8.522,-0.18,4779.684,4623.277,4467.845,6925493.3,5914233.3,5332442.3
2015-05-28,4943.742,4986.503,4620.266,4614.241,7829646.0,-321.448,-6.5,4788.854,4592.972,4459.341,7014151.1,5742677.1,5290175.1
2015-05-27,4932.846,4958.156,4941.714,4857.056,6811654.0,30.817,0.63,4770.685,4568.776,4452.158,6378214.9,5408790.45,5158609.9
2015-05-26,4854.85,4911.685,4910.897,4779.075,7048928.5,97.099,2.02,4671.6,4512.181,4428.883,6044096.5,5238115.55,5201865.4
2015-05-25,4660.075,4814.672,4813.798,4656.825,6824614.0,156.202,3.35,4572.931,4461.213,4409.708,5507781.2,5055089.1,5184963.22
2015-05-22,4584.984,4658.273,4657.596,4562.989,6555913.0,128.174,2.83,4466.87,4413.191,4388.703,4902973.3,4861378.2,5158010.03
2015-05-21,4456.435,4530.478,4529.422,4438.258,4649965.0,83.134,1.87,4397.089,4368.024,4376.548,4471203.1,4603215.0,5163886.7
2015-05-20,4434.979,4520.538,4446.288,4432.279,5141062.0,28.736,0.65,4366.867,4326.303,4370.002,4439366.0,4532785.15,5271541.0
2015-05-19,4285.777,4418.403,4417.552,4285.777,4367352.0,134.061,3.13,4352.761,4304.601,4362.369,4432134.6,4500411.95,5331723.22
2015-05-18,4277.895,4324.826,4283.491,4260.509,3800574.5,-25.2,-0.58,4349.494,4292.716,4352.345,4602397.0,4636535.35,5541922.03
2015-05-15,4366.822,4366.822,4308.691,4278.553,4397062.0,-69.62,-1.59,4359.513,4312.413,4352.535,4819783.1,4750651.3,5702746.4
2015-05-14,4372.816,4397.745,4378.311,4329.042,4490779.5,2.551,0.06,4338.958,4325.71,4346.842,4735226.9,4837673.1,5758514.78
2015-05-13,4402.378,4415.629,4375.76,4342.481,5104905.0,-25.459,-0.58,4285.739,4335.541,4332.134,4626204.3,4908429.35,5840478.7
2015-05-12,4342.37,4402.309,4401.219,4317.975,5218664.0,67.635,1.56,4256.44,4345.586,4320.125,4568689.3,5165615.25,5890575.23
2015-05-11,4231.271,4334.877,4333.584,4187.82,4887505.0,127.667,3.04,4235.937,4358.204,4306.149,4670673.7,5314837.35,5924549.15
2015-05-08,4152.984,4206.86,4205.917,4099.042,3974281.0,93.703,2.28,4265.313,4364.214,4291.186,4681519.5,5454641.85,5922315.7
2015-05-07,4197.896,4213.764,4112.214,4108.009,3945666.5,-117.052,-2.77,4312.461,4385.073,4278.767,4940119.3,5724558.4,6016190.05
2015-05-06,4311.641,4376.353,4229.266,4187.368,4817330.0,-69.44,-1.61,4385.342,4413.701,4272.896,5190654.4,6010296.85,6127949.43
2015-05-05,4479.848,4488.865,4298.706,4282.237,5728586.0,-181.758,-4.06,4434.732,4420.137,4259.502,5762541.2,6163034.5,6172306.7
2015-05-04,4441.343,4487.57,4480.464,4387.426,4941734.0,38.809,0.87,4480.47,4411.974,4237.763,5959001.0,6447308.7,6122394.05
2015-04-30,4483.013,4507.344,4441.655,4441.054,5267280.0,-34.965,-0.78,4463.114,4392.657,4205.029,6227764.2,6654841.5,6114957.18
2015-04-29,4446.119,4499.945,4476.62,4398.639,5198342.0,0.405,0.01,4457.685,4367.974,4173.461,6508997.5,6679356.45,6075322.33
2015-04-28,4527.635,4572.391,4476.215,4432.904,7676764.0,-51.181,-1.13,4442.06,4328.728,4137.025,6829939.3,6772528.05,6096243.25
2015-04-27,4441.929,4529.735,4527.396,4441.929,6710885.0,133.71,3.04,4405.541,4294.663,4102.543,6563527.8,6615535.2,5994756.23
2015-04-24,4355.951,4416.376,4393.686,4318.119,6285550.0,-20.822,-0.47,4343.478,4254.095,4060.728,6935616.4,6534260.95,5863684.56
2015-04-23,4414.485,4444.41,4414.508,4358.844,6673446.5,16.014,0.36,4322.2,4218.157,4025.148,7081918.8,6389989.55,5793730.66
2015-04-22,4304.597,4400.193,4398.494,4297.951,6803051.0,104.871,2.44,4278.263,4172.46,3987.459,6849715.4,6307821.7,5721001.51
2015-04-21,4212.185,4294.375,4293.623,4188.569,6344706.5,76.546,1.81,4215.396,4132.092,3952.105,6715116.8,6245602.0,5700626.29
2015-04-20,4301.352,4356.001,4217.077,4190.681,8571328.0,-70.219,-1.64,4183.785,4098.867,3921.81,6667542.6,6181578.9,5651422.39
2015-04-17,4254.723,4317.223,4287.296,4238.91,7017062.0,92.473,2.2,4164.712,4063.552,3891.822,6132905.5,5797479.4,5481186.81
2015-04-16,4055.916,4195.305,4194.823,4031.244,5512429.5,110.66,2.71,4114.115,4017.401,3856.571,5698060.3,5575072.85,5399007.01
2015-04-15,4135.648,4175.494,4084.163,4069.007,6130058.0,-51.402,-1.24,4066.657,3978.948,3825.695,5765928.0,5471288.2,5395994.11
2015-04-14,4125.782,4168.346,4135.565,4091.257,6106835.5,13.85,0.34,4048.787,3945.322,3796.629,5776087.2,5419958.45,5349960.96
2015-04-13,4072.723,4128.072,4121.715,4057.293,5898142.5,87.405,2.17,4013.95,3910.422,3762.316,5695615.2,5373977.25,5244185.4
2015-04-10,3947.492,4040.348,4034.31,3929.319,4842836.0,76.776,1.94,3962.392,3867.36,3724.876,5462053.3,5193108.18,5113483.35
2015-04-09,4006.13,4016.396,3957.534,3900.027,5851768.0,-37.277,-0.93,3920.687,3832.139,3690.626,5452085.4,5197471.78,5049989.1
2015-04-08,3976.532,4000.22,3994.811,3903.648,6180854.0,33.433,0.84,3891.239,3802.458,3657.295,5176648.4,5134181.33,4898893.46
2015-04-07,3899.42,3961.666,3961.378,3891.728,5704475.5,97.449,2.52,3841.857,3772.118,3621.858,5063829.7,5155650.58,4732759.55
2015-04-03,3803.383,3864.405,3863.929,3792.211,4730333.0,38.145,1.0,3806.895,3744.753,3588.909,5052339.3,5121265.88,4608283.5
2015-04-02,3827.689,3835.451,3825.784,3775.894,4792996.5,15.49,0.41,3772.328,3720.092,3557.772,4924163.05,5164894.22,4513224.75
2015-04-01,3748.34,3817.082,3810.294,3742.213,4474583.0,62.395,1.67,3743.59,3695.741,3528.907,4942858.15,5222941.18,4433906.71
2015-03-31,3822.987,3835.567,3747.899,3737.043,5616760.5,-38.669,-1.02,3713.677,3672.441,3502.369,5091714.25,5320700.03,4356997.33
2015-03-30,3710.612,3795.935,3786.568,3710.612,5647023.5,95.472,2.59,3702.379,3647.936,3478.126,5247471.45,5279963.47,4267181.61
2015-03-27,3686.134,3710.477,3691.096,3656.831,4089451.75,9.001,0.24,3682.611,3614.21,3455.612,5190192.45,5114393.55,4158053.28
2015-03-26,3641.942,3707.318,3682.095,3615.011,4886472.0,21.368,0.58,3667.856,3582.391,3443.218,5405625.4,5033858.53,4161663.88
2015-03-25,3680.953,3693.151,3660.727,3634.559,5218863.5,-30.683,-0.83,3647.891,3549.114,3429.947,5503024.2,4902506.43,4121396.76
2015-03-24,3692.569,3715.873,3691.41,3600.698,6395546.5,3.682,0.1,3631.206,3512.131,3416.372,5549685.8,4663605.6,4056839.9
2015-03-23,3640.104,3688.249,3687.728,3635.485,5360628.5,70.41,1.95,3593.493,3471.597,3399.182,5312455.5,4309868.53,3910670.73
2015-03-20,3587.084,3632.338,3617.318,3569.38,5166616.5,35.047,0.98,3545.808,3433.065,3379.946,5038594.65,4095301.13,3814006.88
2015-03-19,3576.019,3600.684,3582.271,3546.844,5373466.0,4.97,0.14,3496.927,3395.452,3362.991,4662091.65,3861555.28,3717391.91
2015-03-18,3510.501,3577.662,3577.301,3503.853,5452171.5,74.454,2.13,3450.337,3362.073,3346.123,4301988.65,3644872.25,3590001.6
2015-03-17,3469.603,3504.123,3502.847,3459.694,5209395.0,53.542,1.55,3393.057,3332.296,3326.858,3777525.4,3393294.63,3434820.77
2015-03-16,3391.158,3449.305,3449.305,3377.087,3991324.25,76.394,2.27,3349.701,3308.316,3310.859,3307281.55,3254399.75,3273495.84
2015-03-13,3359.488,3391.255,3372.911,3352.15,3284101.5,23.588,0.7,3320.322,3297.014,3297.014,3152007.6,3201713.0,3201713.0
2015-03-12,3314.813,3360.054,3349.323,3300.488,3572951.0,58.423,1.77,3293.977,3288.581,3288.581,3061018.9,3192558.72,3192558.72
2015-03-11,3289.594,3325.054,3290.9,3278.471,2829855.25,4.832,0.15,3273.808,3280.989,3280.989,2987755.85,3145009.69,3145009.69
2015-03-10,3289.085,3309.915,3286.068,3277.095,2858175.75,-16.34,-0.49,3271.534,3279.573,3279.573,3009063.85,3190031.75,3190031.75
2015-03-09,3224.314,3307.702,3302.408,3198.37,3214954.5,61.221,1.89,3266.931,3278.49,3278.49,3201517.95,3245341.08,3245341.08
2015-03-06,3248.036,3266.933,3241.187,3234.533,2829158.0,-7.289,-0.22,3273.707,3273.707,3273.707,3251418.4,3251418.4,3251418.4
2015-03-05,3264.085,3266.638,3248.476,3221.666,3206635.75,-31.057,-0.95,3281.837,3281.837,3281.837,3356983.5,3356983.5,3356983.5
2015-03-04,3264.182,3286.588,3279.533,3250.484,2936395.25,16.481,0.51,3292.957,3292.957,3292.957,3407099.42,3407099.42,3407099.42
2015-03-03,3317.695,3317.695,3263.052,3260.429,3820446.25,-73.233,-2.19,3299.669,3299.669,3299.669,3642451.5,3642451.5,3642451.5
2015-03-02,3332.721,3336.76,3336.285,3298.669,3464456.75,25.982,0.79,3336.285,3336.285,3336.285,3464456.75,3464456.75,3464456.75
